,price,type,address,url,agent_url,postcode,number_bedrooms,search_date
0,90000.0,3 bedroom terraced house for sale,"Dorothy Terrace, Sacriston, County Durham, DH7",http://www.rightmove.co.uk/properties/120207362#/?channel=RES_BUY,http://www.rightmove.co.uk/estate-agents/agent/J-W-Wood/Chester-Le-Street-36057.html,DH7,3.0,2022-02-19 23:43:34.882786
1,,6 bedroom detached house for sale,"Flass Vale Hall, Crossgate Moor, Durham",http://www.rightmove.co.uk/properties/96987176#/?channel=RES_BUY,http://www.rightmove.co.uk/estate-agents/agent/Finest-Properties/Corbridge-56415.html,,6.0,2022-02-19 23:43:34.882786
2,,6 bedroom detached house for sale,"Flass Vale Hall, Crossgate Moor, Durham",http://www.rightmove.co.uk/properties/84542365#/?channel=RES_BUY,http://www.rightmove.co.uk/estate-agents/agent/Strutt-and-Parker/Morpeth-44255.html,,6.0,2022-02-19 23:43:34.882786
3,2000000.0,5 bedroom character property for sale,"Durham House, Durham, DH1",http://www.rightmove.co.uk/properties/106243433#/?channel=RES_BUY,http://www.rightmove.co.uk/estate-agents/agent/Purplebricks/covering-Durham-202895.html,DH1,5.0,2022-02-19 23:43:34.882786
4,1420000.0,6 bedroom detached house for sale,"Oakland House, West Rainton, Houghton le Spring, Tyne and Wear",http://www.rightmove.co.uk/properties/120058706#/?channel=RES_BUY,http://www.rightmove.co.uk/estate-agents/agent/Urban-Base-Executive/North-East-15013.html,,6.0,2022-02-19 23:43:34.882786
5,1095000.0,11 bedroom terraced house for sale,"Old Elvet, Durham City",http://www.rightmove.co.uk/properties/117218300#/?channel=RES_BUY,http://www.rightmove.co.uk/estate-agents/agent/Venture-Properties/Durham-111821.html,,11.0,2022-02-19 23:43:34.882786
6,995000.0,6 bedroom detached house for sale,"Beckwood, Potters Bank, Durham, DH1",http://www.rightmove.co.uk/properties/119992817#/?channel=RES_BUY,http://www.rightmove.co.uk/estate-agents/agent/Bradley-Hall-Chartered-Surveyors-and-Estate-Agents/Durham-45311.html,DH1,6.0,2022-02-19 23:43:34.882786
7,895000.0,4 bedroom detached house for sale,"Aykley Heads, Durham, DH1",http://www.rightmove.co.uk/properties/119941592#/?channel=RES_BUY,http://www.rightmove.co.uk/estate-agents/agent/YOUR-MOVE-Chris-Stonock/Durham-83353.html,DH1,4.0,2022-02-19 23:43:34.882786
8,875000.0,Land for sale,"Hilltop Stables, Hill Top, Esh, Durham",http://www.rightmove.co.uk/properties/112558985#/?channel=COM_BUY,http://www.rightmove.co.uk/estate-agents/agent/HandH-Land-and-Estates/Penrith-149141.html,,,2022-02-19 23:43:34.882786
9,795000.0,3 bedroom detached house for sale,"Luxury Gate House, Crossgate Moor, Durham City",http://www.rightmove.co.uk/properties/117270101#/?channel=RES_BUY,http://www.rightmove.co.uk/estate-agents/agent/Urban-Base-Executive/North-East-15013.html,,3.0,2022-02-19 23:43:34.882786
10,775000.0,4 bedroom house for sale,"Hartside, Durham, DH1",http://www.rightmove.co.uk/properties/107046323#/?channel=RES_BUY,http://www.rightmove.co.uk/estate-agents/agent/J-W-Wood/Durham-City-36036.html,DH1,4.0,2022-02-19 23:43:34.882786
11,745000.0,5 bedroom bungalow for sale,"White Smocks, Durham, DH1",http://www.rightmove.co.uk/properties/83629032#/?channel=RES_BUY,http://www.rightmove.co.uk/estate-agents/agent/Fine-and-Country/Newcastle-77014.html,DH1,5.0,2022-02-19 23:43:34.882786
12,745000.0,5 bedroom bungalow for sale,"Western Cottage, Whitesmocks, Durham, DH1",http://www.rightmove.co.uk/properties/108404390#/?channel=RES_BUY,http://www.rightmove.co.uk/estate-agents/agent/Bradley-Hall-Chartered-Surveyors-and-Estate-Agents/Durham-45311.html,DH1,5.0,2022-02-19 23:43:34.882786
13,695000.0,5 bedroom detached house for sale,"Park Farmhouse, Willow Tree Avenue, Shincliffe Village, Durham, DH1",http://www.rightmove.co.uk/properties/82452774#/?channel=RES_BUY,http://www.rightmove.co.uk/estate-agents/agent/Bradley-Hall-Chartered-Surveyors-and-Estate-Agents/Durham-45311.html,DH1,5.0,2022-02-19 23:43:34.882786
14,675000.0,3 bedroom cottage for sale,"Poplar Terrace, Shincliffe, Durham",http://www.rightmove.co.uk/properties/112908827#/?channel=RES_BUY,http://www.rightmove.co.uk/estate-agents/agent/Fine-and-Country/Durham-50411.html,,3.0,2022-02-19 23:43:34.882786
15,675000.0,3 bedroom cottage for sale,"Poplar Terrace, Shincliffe, Durham",http://www.rightmove.co.uk/properties/111287552#/?channel=RES_BUY,http://www.rightmove.co.uk/estate-agents/agent/Robinsons/Durham-42734.html,,3.0,2022-02-19 23:43:34.882786
16,600000.0,5 bedroom detached house for sale,"Cross View Lane, Nevilles Cross, Durham, DH1",http://www.rightmove.co.uk/properties/106630832#/?channel=RES_BUY,http://www.rightmove.co.uk/estate-agents/agent/J-W-Wood/Durham-City-36036.html,DH1,5.0,2022-02-19 23:43:34.882786
17,595000.0,5 bedroom terraced house for sale,"South Street, Durham",http://www.rightmove.co.uk/properties/117186995#/?channel=RES_BUY,http://www.rightmove.co.uk/estate-agents/agent/Fine-and-Country/Durham-50411.html,,5.0,2022-02-19 23:43:34.882786
18,575000.0,4 bedroom terraced house for sale,"Albert Street, Durham City, DH1",http://www.rightmove.co.uk/properties/112271567#/?channel=RES_BUY,http://www.rightmove.co.uk/estate-agents/agent/J-W-Wood/Durham-City-36036.html,DH1,4.0,2022-02-19 23:43:34.882786
19,575000.0,5 bedroom detached house for sale,"Brakespear Close, Durham, DH1",http://www.rightmove.co.uk/properties/117659303#/?channel=RES_BUY,http://www.rightmove.co.uk/estate-agents/agent/Bradley-Hall-Chartered-Surveyors-and-Estate-Agents/Durham-45311.html,DH1,5.0,2022-02-19 23:43:34.882786
20,550000.0,4 bedroom detached house for sale,"Sleetburn Lane, Langley Moor, Durham",http://www.rightmove.co.uk/properties/116185613#/?channel=RES_BUY,http://www.rightmove.co.uk/estate-agents/agent/Urban-Base-Executive/North-East-15013.html,,4.0,2022-02-19 23:43:34.882786
21,535000.0,4 bedroom detached house for sale,"Turnberry Walk, Durham, DH1",http://www.rightmove.co.uk/properties/119661989#/?channel=RES_BUY,http://www.rightmove.co.uk/estate-agents/agent/Ben-Charles/Durham-83492.html,DH1,4.0,2022-02-19 23:43:34.882786
22,529995.0,4 bedroom detached house for sale,"South Road,
Durham,
DH1 3TG",http://www.rightmove.co.uk/properties/81872874#/?channel=RES_BUY,http://www.rightmove.co.uk/developer/branch/David-Wilson-Homes-North-East/The-Drive-at-Mount-Oswald-160754.html,DH1,4.0,2022-02-19 23:43:34.882786
23,527995.0,4 bedroom detached house for sale,"South Road,
Durham,
DH1 3TG",http://www.rightmove.co.uk/properties/82789869#/?channel=RES_BUY,http://www.rightmove.co.uk/developer/branch/David-Wilson-Homes-North-East/The-Drive-at-Mount-Oswald-160754.html,DH1,4.0,2022-02-19 23:43:34.882786
24,519995.0,4 bedroom detached house for sale,"South Road,
Durham,
DH1 3TG",http://www.rightmove.co.uk/properties/83433102#/?channel=RES_BUY,http://www.rightmove.co.uk/developer/branch/David-Wilson-Homes-North-East/The-Drive-at-Mount-Oswald-160754.html,DH1,4.0,2022-02-19 23:43:34.882786
25,300000.0,3 bedroom detached bungalow for sale,"Alderlea Close, Gilesgate, Durham",http://www.rightmove.co.uk/properties/119978525#/?channel=RES_BUY,http://www.rightmove.co.uk/estate-agents/agent/Robinsons/Durham-42734.html,,3.0,2022-02-19 23:43:34.882786
26,519995.0,4 bedroom detached house for sale,"South Road,
Durham,
DH1 3TG",http://www.rightmove.co.uk/properties/82435431#/?channel=RES_BUY,http://www.rightmove.co.uk/developer/branch/David-Wilson-Homes-North-East/The-Drive-at-Mount-Oswald-160754.html,DH1,4.0,2022-02-19 23:43:34.882786
27,,4 bedroom detached house for sale,"South Road,
Durham,
DH1 3TG",http://www.rightmove.co.uk/properties/83392824#/?channel=RES_BUY,http://www.rightmove.co.uk/developer/branch/David-Wilson-Homes-North-East/The-Drive-at-Mount-Oswald-160754.html,DH1,4.0,2022-02-19 23:43:34.882786
28,,4 bedroom detached house for sale,"South Road,
Durham,
DH1 3TG",http://www.rightmove.co.uk/properties/83035872#/?channel=RES_BUY,http://www.rightmove.co.uk/developer/branch/David-Wilson-Homes-North-East/The-Drive-at-Mount-Oswald-160754.html,DH1,4.0,2022-02-19 23:43:34.882786
29,,4 bedroom detached house for sale,"South Road,
Durham,
DH1 3TG",http://www.rightmove.co.uk/properties/83035857#/?channel=RES_BUY,http://www.rightmove.co.uk/developer/branch/David-Wilson-Homes-North-East/The-Drive-at-Mount-Oswald-160754.html,DH1,4.0,2022-02-19 23:43:34.882786
30,500000.0,4 bedroom semi-detached house for sale,"Whitesmocks, Durham, DH1",http://www.rightmove.co.uk/properties/120176435#/?channel=RES_BUY,http://www.rightmove.co.uk/estate-agents/agent/Reeds-Rains/Durham-City-30221.html,DH1,4.0,2022-02-19 23:43:34.882786
31,499950.0,4 bedroom terraced house for sale,"Hallgarth Street, Durham, DH1",http://www.rightmove.co.uk/properties/113508188#/?channel=RES_BUY,http://www.rightmove.co.uk/estate-agents/agent/Bradley-Hall-Chartered-Surveyors-and-Estate-Agents/Durham-45311.html,DH1,4.0,2022-02-19 23:43:34.882786
32,475000.0,5 bedroom detached house for sale,"Pebblecroft, 62 Pit House Lane, Leamside, Houghton Le Spring",http://www.rightmove.co.uk/properties/106007213#/?channel=RES_BUY,http://www.rightmove.co.uk/estate-agents/agent/HandH-Land-and-Estates/Penrith-149141.html,,5.0,2022-02-19 23:43:34.882786
33,470000.0,5 bedroom detached house for sale,"Station Road, Meadowfield",http://www.rightmove.co.uk/properties/115715057#/?channel=RES_BUY,http://www.rightmove.co.uk/estate-agents/agent/Northgate-Estate-Agents-and-Property-Management/Newton-Aycliffe-100837.html,,5.0,2022-02-19 23:43:34.882786
34,460000.0,5 bedroom detached house for sale,"St. Johns Road, Durham, DH1",http://www.rightmove.co.uk/properties/113964830#/?channel=RES_BUY,http://www.rightmove.co.uk/estate-agents/agent/Elvet-Estates/Durham-126403.html,DH1,5.0,2022-02-19 23:43:34.882786
35,450000.0,3 bedroom bungalow for sale,"Dunholme Close, Aykley Heads, Durham, DH1",http://www.rightmove.co.uk/properties/107317280#/?channel=RES_BUY,http://www.rightmove.co.uk/estate-agents/agent/Ben-Charles/Durham-83492.html,DH1,3.0,2022-02-19 23:43:34.882786
36,450000.0,4 bedroom detached house for sale,"Witton Grove, Durham, Durham, DH1",http://www.rightmove.co.uk/properties/73614393#/?channel=RES_BUY,http://www.rightmove.co.uk/estate-agents/agent/Reeds-Rains/Durham-City-30221.html,DH1,4.0,2022-02-19 23:43:34.882786
37,450000.0,4 bedroom terraced house for sale,"The Village, Brancepeth Village, Durham, DH7",http://www.rightmove.co.uk/properties/116600345#/?channel=RES_BUY,http://www.rightmove.co.uk/estate-agents/agent/J-W-Wood/Durham-City-36036.html,DH7,4.0,2022-02-19 23:43:34.882786
38,450000.0,5 bedroom terraced house for sale,"Laburnum Avenue, Durham, DH1",http://www.rightmove.co.uk/properties/79624107#/?channel=RES_BUY,http://www.rightmove.co.uk/estate-agents/agent/Elvet-Estates/Durham-126403.html,DH1,5.0,2022-02-19 23:43:34.882786
39,450000.0,4 bedroom semi-detached house for sale,"Fieldhouse Lane, North End",http://www.rightmove.co.uk/properties/120158228#/?channel=RES_BUY,http://www.rightmove.co.uk/estate-agents/agent/Rise-Sales-and-Lettings/Durham-63445.html,,4.0,2022-02-19 23:43:34.882786
40,450000.0,5 bedroom detached house for sale,"Broadview Villas, Sherburn Village, Durham, DH6",http://www.rightmove.co.uk/properties/81970008#/?channel=RES_BUY,http://www.rightmove.co.uk/estate-agents/agent/Bridgfords/Durham-335.html,DH6,5.0,2022-02-19 23:43:34.882786
41,450000.0,6 bedroom terraced house for sale,"Nevilledale Terrace, Durham City",http://www.rightmove.co.uk/properties/75414329#/?channel=RES_BUY,http://www.rightmove.co.uk/estate-agents/agent/Stuart-Edwards/Durham-41828.html,,6.0,2022-02-19 23:43:34.882786
42,450000.0,4 bedroom terraced house for sale,"Claypath, Durham City, DH1",http://www.rightmove.co.uk/properties/100244837#/?channel=RES_BUY,http://www.rightmove.co.uk/estate-agents/agent/J-W-Wood/Durham-City-36036.html,DH1,4.0,2022-02-19 23:43:34.882786
43,445000.0,4 bedroom detached house for sale,"The Dene, West Rainton, Houghton Le Spring, DH4",http://www.rightmove.co.uk/properties/107046320#/?channel=RES_BUY,http://www.rightmove.co.uk/estate-agents/agent/J-W-Wood/Durham-City-36036.html,DH4,4.0,2022-02-19 23:43:34.882786
44,440000.0,3 bedroom semi-detached house for sale,"Scripton Farm, Brancepeth, Durham, DH7",http://www.rightmove.co.uk/properties/62078225#/?channel=RES_BUY,http://www.rightmove.co.uk/estate-agents/agent/J-W-Wood/Durham-City-36036.html,DH7,3.0,2022-02-19 23:43:34.882786
45,425000.0,3 bedroom detached house for sale,"St Marys Close, Shincliffe Village, Durham, DH1",http://www.rightmove.co.uk/properties/114627323#/?channel=RES_BUY,http://www.rightmove.co.uk/estate-agents/agent/J-W-Wood/Durham-City-36036.html,DH1,3.0,2022-02-19 23:43:34.882786
46,425000.0,4 bedroom detached house for sale,"Moorlands, Moor Edge, Crossgate, Durham City",http://www.rightmove.co.uk/properties/113106377#/?channel=RES_BUY,http://www.rightmove.co.uk/estate-agents/agent/Urban-Base-Executive/North-East-15013.html,,4.0,2022-02-19 23:43:34.882786
47,425000.0,5 bedroom end of terrace house for sale,"Beechcrest, Durham City, DH1",http://www.rightmove.co.uk/properties/113019461#/?channel=RES_BUY,http://www.rightmove.co.uk/estate-agents/agent/J-W-Wood/Durham-City-36036.html,DH1,5.0,2022-02-19 23:43:34.882786
48,,4 bedroom detached house for sale,"South Road,
Durham,
DH1 3TG",http://www.rightmove.co.uk/properties/83405484#/?channel=RES_BUY,http://www.rightmove.co.uk/developer/branch/David-Wilson-Homes-North-East/The-Drive-at-Mount-Oswald-160754.html,DH1,4.0,2022-02-19 23:43:34.882786
49,409995.0,4 bedroom detached house for sale,"South Road,
Durham,
DH1 3TG",http://www.rightmove.co.uk/properties/83645463#/?channel=RES_BUY,http://www.rightmove.co.uk/developer/branch/David-Wilson-Homes-North-East/The-Drive-at-Mount-Oswald-160754.html,DH1,4.0,2022-02-19 23:43:34.882786
50,300000.0,3 bedroom semi-detached house for sale,"Moor Edge, Crossgate Moor, Durham, DH1",http://www.rightmove.co.uk/properties/120160739#/?channel=RES_BUY,http://www.rightmove.co.uk/estate-agents/agent/YOUR-MOVE-Chris-Stonock/Durham-83353.html,DH1,3.0,2022-02-19 23:43:34.882786
51,400000.0,4 bedroom end of terrace house for sale,"Jubilee Place, High Street North, Shincliffe Village, DH1",http://www.rightmove.co.uk/properties/119924900#/?channel=RES_BUY,http://www.rightmove.co.uk/estate-agents/agent/J-W-Wood/Durham-City-36036.html,DH1,4.0,2022-02-19 23:43:34.882786
52,400000.0,5 bedroom detached house for sale,"Cheveley Court, Belmont, Durham",http://www.rightmove.co.uk/properties/115197074#/?channel=RES_BUY,http://www.rightmove.co.uk/estate-agents/agent/Robinsons/Durham-42734.html,,5.0,2022-02-19 23:43:34.882786
53,399995.0,4 bedroom end of terrace house for sale,"South Road,
Durham,
DH1 3TG",http://www.rightmove.co.uk/properties/83035869#/?channel=RES_BUY,http://www.rightmove.co.uk/developer/branch/David-Wilson-Homes-North-East/The-Drive-at-Mount-Oswald-160754.html,DH1,4.0,2022-02-19 23:43:34.882786
54,399950.0,3 bedroom detached bungalow for sale,"MELDON WAY, HIGH SHINCLIFFE, Durham City, DH1 2PZ",http://www.rightmove.co.uk/properties/119078999#/?channel=RES_BUY,http://www.rightmove.co.uk/estate-agents/agent/Dowen/Durham-46103.html,DH1,3.0,2022-02-19 23:43:34.882786
55,399950.0,3 bedroom bungalow for sale,"Meldon Way, High Shincliffe, Durham, DH1",http://www.rightmove.co.uk/properties/119014976#/?channel=RES_BUY,http://www.rightmove.co.uk/estate-agents/agent/Ben-Charles/Durham-83492.html,DH1,3.0,2022-02-19 23:43:34.882786
56,399950.0,3 bedroom detached house for sale,"New Brancepeth, Durham, DH7",http://www.rightmove.co.uk/properties/113309330#/?channel=RES_BUY,http://www.rightmove.co.uk/estate-agents/agent/Reeds-Rains/Durham-City-30221.html,DH7,3.0,2022-02-19 23:43:34.882786
57,395000.0,3 bedroom detached bungalow for sale,"High Pittington, Durham, Co.Durham",http://www.rightmove.co.uk/properties/112184822#/?channel=RES_BUY,http://www.rightmove.co.uk/estate-agents/agent/Seven-Keys/Gateshead-201584.html,,3.0,2022-02-19 23:43:34.882786
58,392500.0,4 bedroom detached house for sale,"Hornbeam Close, Belmont, Durham City",http://www.rightmove.co.uk/properties/117700439#/?channel=RES_BUY,http://www.rightmove.co.uk/estate-agents/agent/Urban-Base-Executive/North-East-15013.html,,4.0,2022-02-19 23:43:34.882786
59,390000.0,3 bedroom bungalow for sale,"Witton Grove, Durham, DH1",http://www.rightmove.co.uk/properties/111231767#/?channel=RES_BUY,http://www.rightmove.co.uk/estate-agents/agent/British-Homesellers/National-103727.html,DH1,3.0,2022-02-19 23:43:34.882786
60,389950.0,3 bedroom end of terrace house for sale,"The Canterbury, The Sands, Durham, DH1",http://www.rightmove.co.uk/properties/113408753#/?channel=RES_BUY,http://www.rightmove.co.uk/estate-agents/agent/Bradley-Hall-Chartered-Surveyors-and-Estate-Agents/Durham-45311.html,DH1,3.0,2022-02-19 23:43:34.882786
61,380000.0,4 bedroom end of terrace house for sale,"Manor Close, Shincliffe, Durham, DH1",http://www.rightmove.co.uk/properties/114108074#/?channel=RES_BUY,http://www.rightmove.co.uk/estate-agents/agent/Reeds-Rains/Durham-City-30221.html,DH1,4.0,2022-02-19 23:43:34.882786
62,379950.0,3 bedroom house for sale,"The Sands,
Durham,
DH1",http://www.rightmove.co.uk/properties/86325497#/?channel=RES_BUY,http://www.rightmove.co.uk/estate-agents/agent/Newfield-Estates/Durham-109595.html,DH1,3.0,2022-02-19 23:43:34.882786
63,375000.0,4 bedroom detached house for sale,"Oatlands Way, Pity Me, Durham",http://www.rightmove.co.uk/properties/119392403#/?channel=RES_BUY,http://www.rightmove.co.uk/estate-agents/agent/George-FWhite/Barnard-Castle-42783.html,,4.0,2022-02-19 23:43:34.882786
64,375000.0,4 bedroom house for sale,"Darlington Road, Durham, DH1",http://www.rightmove.co.uk/properties/117948773#/?channel=RES_BUY,http://www.rightmove.co.uk/estate-agents/agent/elopa/Sunderland-161747.html,DH1,4.0,2022-02-19 23:43:34.882786
65,375000.0,4 bedroom detached house for sale,"Hornbeam Close, Belmont, Durham",http://www.rightmove.co.uk/properties/113836208#/?channel=RES_BUY,http://www.rightmove.co.uk/estate-agents/agent/Urban-Base-Executive/North-East-15013.html,,4.0,2022-02-19 23:43:34.882786
66,365000.0,4 bedroom end of terrace house for sale,"Dalton Crescent, Durham City",http://www.rightmove.co.uk/properties/116819768#/?channel=RES_BUY,http://www.rightmove.co.uk/estate-agents/agent/Bradley-Hall-Chartered-Surveyors-and-Estate-Agents/Durham-45311.html,,4.0,2022-02-19 23:43:34.882786
67,364950.0,3 bedroom terraced house for sale,"The Canterbury, Illingworth Grove, Whinney Hill, DH1",http://www.rightmove.co.uk/properties/113408642#/?channel=RES_BUY,http://www.rightmove.co.uk/estate-agents/agent/Urban-Base-Executive/North-East-15013.html,DH1,3.0,2022-02-19 23:43:34.882786
68,355000.0,4 bedroom detached house for sale,"The Bailey, Hartley Gardens, Gilesgate, Durham City",http://www.rightmove.co.uk/properties/115285211#/?channel=RES_BUY,http://www.rightmove.co.uk/estate-agents/agent/Bridgfords/Durham-335.html,,4.0,2022-02-19 23:43:34.882786
69,350000.0,5 bedroom town house for sale,"Kirkwood Drive, Durham, Durham, DH1",http://www.rightmove.co.uk/properties/119661740#/?channel=RES_BUY,http://www.rightmove.co.uk/estate-agents/agent/Bridgfords/Durham-335.html,DH1,5.0,2022-02-19 23:43:34.882786
70,350000.0,5 bedroom town house for sale,"Kirkwood Drive, Nevilles Cross, Durham City, Durham, DH1",http://www.rightmove.co.uk/properties/119732063#/?channel=RES_BUY,http://www.rightmove.co.uk/estate-agents/agent/Stuart-Edwards/Durham-41828.html,DH1,5.0,2022-02-19 23:43:34.882786
71,350000.0,4 bedroom detached house for sale,"Folds Close Farm, New Brancepeth",http://www.rightmove.co.uk/properties/112457990#/?channel=RES_BUY,http://www.rightmove.co.uk/estate-agents/agent/Dowen/Durham-46103.html,,4.0,2022-02-19 23:43:34.882786
72,340000.0,5 bedroom detached house for sale,"HOLBY GARTH, BROWNEY, Durham City, DH7 8LE",http://www.rightmove.co.uk/properties/118765340#/?channel=RES_BUY,http://www.rightmove.co.uk/estate-agents/agent/Elite-Estates-and-Lettings/Durham-80477.html,DH7,5.0,2022-02-19 23:43:34.882786
73,339950.0,4 bedroom detached house for sale,"Aykley Heads,
Durham,
DH1",http://www.rightmove.co.uk/properties/81271077#/?channel=RES_BUY,,DH1,4.0,2022-02-19 23:43:34.882786
74,339950.0,4 bedroom detached house for sale,"Longhill Court, Browney",http://www.rightmove.co.uk/properties/119871944#/?channel=RES_BUY,,,4.0,2022-02-19 23:43:34.882786
75,120000.0,3 bedroom semi-detached house for sale,"Rowantree Avenue, Gilesgate",http://www.rightmove.co.uk/properties/120055166#/?channel=RES_BUY,http://www.rightmove.co.uk/estate-agents/agent/Rise-Sales-and-Lettings/Durham-63445.html,,3.0,2022-02-19 23:43:34.882786
76,335000.0,5 bedroom detached house for sale,"Worcester Road, Newton Hall, Durham, DH1",http://www.rightmove.co.uk/properties/120002261#/?channel=RES_BUY,http://www.rightmove.co.uk/estate-agents/agent/YOUR-MOVE-Chris-Stonock/Durham-83353.html,DH1,5.0,2022-02-19 23:43:34.882786
77,330000.0,4 bedroom detached house for sale,"The Hild, Hartley Gardens, Gilesgate, Durham City",http://www.rightmove.co.uk/properties/90237007#/?channel=RES_BUY,http://www.rightmove.co.uk/estate-agents/agent/Urban-Base-Executive/North-East-15013.html,,4.0,2022-02-19 23:43:34.882786
78,325000.0,4 bedroom detached house for sale,"Wells Grove, Durham, DH1",http://www.rightmove.co.uk/properties/119061029#/?channel=RES_BUY,http://www.rightmove.co.uk/estate-agents/agent/Strike/Tyne-Tees-and-Border-223625.html,DH1,4.0,2022-02-19 23:43:34.882786
79,325000.0,4 bedroom detached house for sale,"Cambridgeshire Drive, Durham, DH1",http://www.rightmove.co.uk/properties/110019221#/?channel=RES_BUY,http://www.rightmove.co.uk/estate-agents/agent/YOUR-MOVE-Chris-Stonock/Durham-83353.html,DH1,4.0,2022-02-19 23:43:34.882786
80,325000.0,3 bedroom semi-detached house for sale,"Geoffrey Avenue, Nevilles Cross, Durham, DH1",http://www.rightmove.co.uk/properties/119049401#/?channel=RES_BUY,http://www.rightmove.co.uk/estate-agents/agent/J-W-Wood/Durham-City-36036.html,DH1,3.0,2022-02-19 23:43:34.882786
81,320000.0,2 bedroom detached house for sale,"Maynards Row, Durham City",http://www.rightmove.co.uk/properties/113571299#/?channel=RES_BUY,http://www.rightmove.co.uk/estate-agents/agent/Stuart-Edwards/Durham-41828.html,,2.0,2022-02-19 23:43:34.882786
82,320000.0,5 bedroom semi-detached house for sale,"Brookdale, Belmont, Durham",http://www.rightmove.co.uk/properties/120154874#/?channel=RES_BUY,http://www.rightmove.co.uk/estate-agents/agent/Robinsons/Durham-42734.html,,5.0,2022-02-19 23:43:34.882786
83,300000.0,3 bedroom end of terrace house for sale,"Magdalene Heights, Gilesgate, Durham, DH1",http://www.rightmove.co.uk/properties/118023365#/?channel=RES_BUY,http://www.rightmove.co.uk/estate-agents/agent/J-W-Wood/Durham-City-36036.html,DH1,3.0,2022-02-19 23:43:34.882786
84,300000.0,3 bedroom detached bungalow for sale,"Alderlea Close, Gilesgate, Durham",http://www.rightmove.co.uk/properties/119978525#/?channel=RES_BUY,http://www.rightmove.co.uk/estate-agents/agent/Robinsons/Durham-42734.html,,3.0,2022-02-19 23:43:34.882786
85,300000.0,2 bedroom terraced house for sale,"Harvest View, Hag House Farm, Pity Me, Durham, DH1",http://www.rightmove.co.uk/properties/117166988#/?channel=RES_BUY,http://www.rightmove.co.uk/estate-agents/agent/Ben-Charles/Durham-83492.html,DH1,2.0,2022-02-19 23:43:34.882786
86,300000.0,3 bedroom semi-detached house for sale,"Moor Edge, Crossgate Moor, Durham, DH1",http://www.rightmove.co.uk/properties/120160739#/?channel=RES_BUY,http://www.rightmove.co.uk/estate-agents/agent/YOUR-MOVE-Chris-Stonock/Durham-83353.html,DH1,3.0,2022-02-19 23:43:34.882786
87,300000.0,4 bedroom detached house for sale,"Chillingham Road, Newton Hall, Durham",http://www.rightmove.co.uk/properties/119091455#/?channel=RES_BUY,http://www.rightmove.co.uk/estate-agents/agent/Newfield-Estates/Durham-109595.html,,4.0,2022-02-19 23:43:34.882786
88,295000.0,3 bedroom semi-detached house for sale,"Dryburn Road, Durham, DH1",http://www.rightmove.co.uk/properties/119516660#/?channel=RES_BUY,http://www.rightmove.co.uk/estate-agents/agent/YOUR-MOVE-Chris-Stonock/Durham-83353.html,DH1,3.0,2022-02-19 23:43:34.882786
89,290000.0,3 bedroom semi-detached house for sale,"Westcott Drive, Durham, DH1",http://www.rightmove.co.uk/properties/119653283#/?channel=RES_BUY,http://www.rightmove.co.uk/estate-agents/agent/Strike/Tyne-Tees-and-Border-223625.html,DH1,3.0,2022-02-19 23:43:34.882786
90,290000.0,2 bedroom barn conversion for sale,"Harvest View, Hag House Farm, Durham, DH1",http://www.rightmove.co.uk/properties/119042057#/?channel=RES_BUY,http://www.rightmove.co.uk/estate-agents/agent/Copeland-Residential/Chester-Le-Street-89051.html,DH1,2.0,2022-02-19 23:43:34.882786
91,290000.0,3 bedroom semi-detached house for sale,"North End, Durham, DH1",http://www.rightmove.co.uk/properties/118750109#/?channel=RES_BUY,http://www.rightmove.co.uk/estate-agents/agent/Ben-Charles/Durham-83492.html,DH1,3.0,2022-02-19 23:43:34.882786
92,270000.0,3 bedroom detached house for sale,"The Cuthbert, Hartley Gardens, Gilesgate, Durham City, 978 SQFT",http://www.rightmove.co.uk/properties/115284941#/?channel=RES_BUY,http://www.rightmove.co.uk/estate-agents/agent/Urban-Base-Executive/North-East-15013.html,,3.0,2022-02-19 23:43:34.882786
93,260000.0,3 bedroom semi-detached house for sale,"St. Bedes Close, Crossgate Moor, Durham, Durham, DH1 4AB",http://www.rightmove.co.uk/properties/118849145#/?channel=RES_BUY,http://www.rightmove.co.uk/estate-agents/agent/Pattinson-Estate-Agents/Gilesgate-74630.html,DH1,3.0,2022-02-19 23:43:34.882786
94,260000.0,2 bedroom flat for sale,"Highgate, Milburngate, Durham, Durham, DH1 4GA",http://www.rightmove.co.uk/properties/111884759#/?channel=RES_BUY,http://www.rightmove.co.uk/estate-agents/agent/Pattinson-Estate-Agents/Gilesgate-74630.html,DH1,2.0,2022-02-19 23:43:34.882786
95,260000.0,3 bedroom town house for sale,"Kirkwood Drive, Nevilles Cross, Durham",http://www.rightmove.co.uk/properties/120153902#/?channel=RES_BUY,http://www.rightmove.co.uk/estate-agents/agent/Robinsons/Durham-42734.html,,3.0,2022-02-19 23:43:34.882786
96,259950.0,4 bedroom detached house for sale,"Pennine View, Sherburn Hill, Durham",http://www.rightmove.co.uk/properties/120008417#/?channel=RES_BUY,http://www.rightmove.co.uk/estate-agents/agent/Robinsons/Durham-42734.html,,4.0,2022-02-19 23:43:34.882786
97,250000.0,2 bedroom detached bungalow for sale,"Hylton Road, Newton Hall, Durham",http://www.rightmove.co.uk/properties/117525752#/?channel=RES_BUY,http://www.rightmove.co.uk/estate-agents/agent/Newfield-Estates/Durham-109595.html,,2.0,2022-02-19 23:43:34.882786
98,250000.0,4 bedroom semi-detached house for sale,"Mason's Court, Rainton Gate, DH4",http://www.rightmove.co.uk/properties/87625039#/?channel=RES_BUY,http://www.rightmove.co.uk/estate-agents/agent/Copeland-Residential/Chester-Le-Street-89051.html,DH4,4.0,2022-02-19 23:43:34.882786
99,249950.0,4 bedroom terraced house for sale,"Barrington Close, Durham, DH1",http://www.rightmove.co.uk/properties/120049664#/?channel=RES_BUY,http://www.rightmove.co.uk/estate-agents/agent/YOUR-MOVE-Chris-Stonock/Durham-83353.html,DH1,4.0,2022-02-19 23:43:34.882786
100,75000.0,2 bedroom apartment for sale,"Front Street, Sherburn Hill, Durham",http://www.rightmove.co.uk/properties/117096335#/?channel=RES_BUY,http://www.rightmove.co.uk/estate-agents/agent/Robinsons/Durham-42734.html,,2.0,2022-02-19 23:43:34.882786
101,249950.0,4 bedroom detached house for sale,"Chadwick Close, Ushaw Moor, Durham",http://www.rightmove.co.uk/properties/119491058#/?channel=RES_BUY,http://www.rightmove.co.uk/estate-agents/agent/Urban-Base-Executive/North-East-15013.html,,4.0,2022-02-19 23:43:34.882786
102,245000.0,3 bedroom semi-detached house for sale,"The Mason, Hartley Gardens, Gilesgate, Durham City",http://www.rightmove.co.uk/properties/108277982#/?channel=RES_BUY,http://www.rightmove.co.uk/estate-agents/agent/Urban-Base-Executive/North-East-15013.html,,3.0,2022-02-19 23:43:34.882786
103,245000.0,2 bedroom apartment for sale,"Finney Court, Durham City",http://www.rightmove.co.uk/properties/113912765#/?channel=RES_BUY,http://www.rightmove.co.uk/estate-agents/agent/Urban-Base-Executive/North-East-15013.html,,2.0,2022-02-19 23:43:34.882786
104,245000.0,2 bedroom apartment for sale,"Finney Court, Durham City",http://www.rightmove.co.uk/properties/114199550#/?channel=RES_BUY,http://www.rightmove.co.uk/estate-agents/agent/Urban-Base-Executive/North-East-15013.html,,2.0,2022-02-19 23:43:34.882786
105,245000.0,4 bedroom end of terrace house for sale,"South Street, West Rainton",http://www.rightmove.co.uk/properties/112111814#/?channel=RES_BUY,http://www.rightmove.co.uk/estate-agents/agent/Stuart-Edwards/Durham-41828.html,,4.0,2022-02-19 23:43:34.882786
106,244950.0,4 bedroom detached house for sale,"Mill Lane,
Sherburn Village,
Durham,
DH6",http://www.rightmove.co.uk/properties/83897145#/?channel=RES_BUY,http://www.rightmove.co.uk/developer/branch/Persimmon-Homes-Durham/Moorlands-Walk-217844.html,DH6,4.0,2022-02-19 23:43:34.882786
107,240000.0,4 bedroom detached house for sale,"Bell Avenue, Bowburn, Durham",http://www.rightmove.co.uk/properties/82879623#/?channel=RES_BUY,http://www.rightmove.co.uk/estate-agents/agent/Robinsons/Durham-42734.html,,4.0,2022-02-19 23:43:34.882786
108,240000.0,3 bedroom terraced house for sale,"Old Dryburn Way, North End, Durham City, Durham, DH1",http://www.rightmove.co.uk/properties/90379021#/?channel=RES_BUY,http://www.rightmove.co.uk/estate-agents/agent/Bridgfords/Durham-335.html,DH1,3.0,2022-02-19 23:43:34.882786
109,240000.0,4 bedroom detached house for sale,"BELL AVENUE, BOWBURN, Durham City : Villages East Of, DH6 5PJ",http://www.rightmove.co.uk/properties/119787371#/?channel=RES_BUY,http://www.rightmove.co.uk/estate-agents/agent/Dowen/Durham-46103.html,DH6,4.0,2022-02-19 23:43:34.882786
110,239000.0,3 bedroom semi-detached house for sale,"The Aiden, Hartley Gardens, Gilesgate, Durham City",http://www.rightmove.co.uk/properties/90236941#/?channel=RES_BUY,http://www.rightmove.co.uk/estate-agents/agent/Urban-Base-Executive/North-East-15013.html,,3.0,2022-02-19 23:43:34.882786
111,235000.0,3 bedroom terraced house for sale,"Eden Terrace, Durham",http://www.rightmove.co.uk/properties/113632916#/?channel=RES_BUY,http://www.rightmove.co.uk/estate-agents/agent/Stuart-Edwards/Durham-41828.html,,3.0,2022-02-19 23:43:34.882786
112,235000.0,2 bedroom flat for sale,"Finney Terrace, Durham, DH1",http://www.rightmove.co.uk/properties/117732341#/?channel=RES_BUY,http://www.rightmove.co.uk/estate-agents/agent/YOUR-MOVE-Chris-Stonock/Durham-83353.html,DH1,2.0,2022-02-19 23:43:34.882786
113,235000.0,3 bedroom detached bungalow for sale,"David Terrace, Bowburn, Durham",http://www.rightmove.co.uk/properties/119855606#/?channel=RES_BUY,http://www.rightmove.co.uk/estate-agents/agent/Robinsons/Durham-42734.html,,3.0,2022-02-19 23:43:34.882786
114,232950.0,3 bedroom detached house for sale,"Mill Lane,
Sherburn Village,
Durham,
DH6",http://www.rightmove.co.uk/properties/82619844#/?channel=RES_BUY,http://www.rightmove.co.uk/developer/branch/Persimmon-Homes-Durham/Moorlands-Walk-217844.html,DH6,3.0,2022-02-19 23:43:34.882786
115,229995.0,3 bedroom semi-detached house for sale,"Priory View, Finchale, Durham, DH1",http://www.rightmove.co.uk/properties/119063918#/?channel=RES_BUY,http://www.rightmove.co.uk/estate-agents/agent/J-W-Wood/Durham-City-36036.html,DH1,3.0,2022-02-19 23:43:34.882786
116,229950.0,2 bedroom detached bungalow for sale,"WINCHESTER DRIVE, BRANDON, Durham City, DH7 8UG",http://www.rightmove.co.uk/properties/118963457#/?channel=RES_BUY,http://www.rightmove.co.uk/estate-agents/agent/Dowen/Durham-46103.html,DH7,2.0,2022-02-19 23:43:34.882786
117,225000.0,2 bedroom flat for sale,"Byland Close, Durham City, DH1",http://www.rightmove.co.uk/properties/112884041#/?channel=RES_BUY,http://www.rightmove.co.uk/estate-agents/agent/J-W-Wood/Durham-City-36036.html,DH1,2.0,2022-02-19 23:43:34.882786
118,225000.0,4 bedroom detached house for sale,"Brookes Rise, Langley Moor, Durham, DH7",http://www.rightmove.co.uk/properties/107101979#/?channel=RES_BUY,http://www.rightmove.co.uk/estate-agents/agent/Reeds-Rains/Durham-City-30221.html,DH7,4.0,2022-02-19 23:43:34.882786
119,225000.0,2 bedroom flat for sale,"FREDERICK STREET NORTH, MEADOWFIELD, Durham City, DH7 8NB",http://www.rightmove.co.uk/properties/115487447#/?channel=RES_BUY,http://www.rightmove.co.uk/estate-agents/agent/Dowen/Durham-46103.html,DH7,2.0,2022-02-19 23:43:34.882786
120,225000.0,3 bedroom terraced house for sale,"Kirkwood Drive, Durham",http://www.rightmove.co.uk/properties/119182544#/?channel=RES_BUY,http://www.rightmove.co.uk/estate-agents/agent/Venture-Properties/Durham-111821.html,,3.0,2022-02-19 23:43:34.882786
121,215000.0,2 bedroom detached bungalow for sale,"MIDHILL CLOSE, BRANDON, Durham City, DH7 8SL",http://www.rightmove.co.uk/properties/119088305#/?channel=RES_BUY,http://www.rightmove.co.uk/estate-agents/agent/Dowen/Durham-46103.html,DH7,2.0,2022-02-19 23:43:34.882786
122,215000.0,3 bedroom detached house for sale,"CRANSON CLOSE, BOWBURN, Durham City : Villages East Of, DH6 5BF",http://www.rightmove.co.uk/properties/115119296#/?channel=RES_BUY,http://www.rightmove.co.uk/estate-agents/agent/Dowen/Durham-46103.html,DH6,3.0,2022-02-19 23:43:34.882786
123,215000.0,2 bedroom detached bungalow for sale,"May Lea, Witton Gilbert, Durham, DH7",http://www.rightmove.co.uk/properties/113892854#/?channel=RES_BUY,http://www.rightmove.co.uk/estate-agents/agent/YOUR-MOVE-Chris-Stonock/Durham-83353.html,DH7,2.0,2022-02-19 23:43:34.882786
124,215000.0,3 bedroom detached house for sale,"Cranson Close, Bowburn, Durham",http://www.rightmove.co.uk/properties/119978627#/?channel=RES_BUY,http://www.rightmove.co.uk/estate-agents/agent/Robinsons/Durham-42734.html,,3.0,2022-02-19 23:43:34.882786
125,140000.0,2 bedroom semi-detached bungalow for sale,"Limecrag Avenue, Gilesgate, Durham",http://www.rightmove.co.uk/properties/119379299#/?channel=RES_BUY,http://www.rightmove.co.uk/estate-agents/agent/Robinsons/Durham-42734.html,,2.0,2022-02-19 23:43:34.882786
126,210000.0,2 bedroom semi-detached bungalow for sale,"Lichfield Road, Newton Hall, Durham",http://www.rightmove.co.uk/properties/120070304#/?channel=RES_BUY,http://www.rightmove.co.uk/estate-agents/agent/Newfield-Estates/Durham-109595.html,,2.0,2022-02-19 23:43:34.882786
127,210000.0,3 bedroom terraced house for sale,"North End, Brandon Village, Durham, DH7",http://www.rightmove.co.uk/properties/84356912#/?channel=RES_BUY,http://www.rightmove.co.uk/estate-agents/agent/Purplebricks/covering-Durham-202895.html,DH7,3.0,2022-02-19 23:43:34.882786
128,210000.0,4 bedroom detached bungalow for sale,"Lowland Road, Brandon, Durham",http://www.rightmove.co.uk/properties/116527445#/?channel=RES_BUY,http://www.rightmove.co.uk/estate-agents/agent/Robinsons/Durham-42734.html,,4.0,2022-02-19 23:43:34.882786
129,210000.0,4 bedroom semi-detached house for sale,"Bolton Close, Newton Hall, Durham",http://www.rightmove.co.uk/properties/120147284#/?channel=RES_BUY,http://www.rightmove.co.uk/estate-agents/agent/Venture-Properties/Durham-111821.html,,4.0,2022-02-19 23:43:34.882786
130,204950.0,3 bedroom detached house for sale,"Mill Lane,
Sherburn Village,
Durham,
DH6",http://www.rightmove.co.uk/properties/83916723#/?channel=RES_BUY,http://www.rightmove.co.uk/developer/branch/Persimmon-Homes-Durham/Moorlands-Walk-217844.html,DH6,3.0,2022-02-19 23:43:34.882786
131,200000.0,3 bedroom detached bungalow for sale,"REAR OF HIGH STREET NORTH, LANGLEY MOOR, Durham City, DH7 8JD",http://www.rightmove.co.uk/properties/119900273#/?channel=RES_BUY,http://www.rightmove.co.uk/estate-agents/agent/Dowen/Durham-46103.html,DH7,3.0,2022-02-19 23:43:34.882786
132,200000.0,3 bedroom detached house for sale,"Chapel Court, Witton Gilbert, Durham, DH7",http://www.rightmove.co.uk/properties/118593656#/?channel=RES_BUY,http://www.rightmove.co.uk/estate-agents/agent/J-W-Wood/Durham-City-36036.html,DH7,3.0,2022-02-19 23:43:34.882786
133,200000.0,3 bedroom semi-detached house for sale,"Canterbury Road, Newton Hall, Durham",http://www.rightmove.co.uk/properties/119802944#/?channel=RES_BUY,http://www.rightmove.co.uk/estate-agents/agent/Newfield-Estates/Durham-109595.html,,3.0,2022-02-19 23:43:34.882786
134,200000.0,3 bedroom semi-detached house for sale,"Hylton Road, Newton Hall, Durham, DH1",http://www.rightmove.co.uk/properties/120181850#/?channel=RES_BUY,http://www.rightmove.co.uk/estate-agents/agent/J-W-Wood/Durham-City-36036.html,DH1,3.0,2022-02-19 23:43:34.882786
135,200000.0,3 bedroom detached house for sale,"Sherburn Road, Gilesgate, Durham",http://www.rightmove.co.uk/properties/120154802#/?channel=RES_BUY,http://www.rightmove.co.uk/estate-agents/agent/Robinsons/Durham-42734.html,,3.0,2022-02-19 23:43:34.882786
136,199950.0,3 bedroom semi-detached house for sale,"Aidan Gardens, Belmont, Durham, DH1",http://www.rightmove.co.uk/properties/119411642#/?channel=RES_BUY,http://www.rightmove.co.uk/estate-agents/agent/Ben-Charles/Durham-83492.html,DH1,3.0,2022-02-19 23:43:34.882786
137,195000.0,2 bedroom apartment for sale,"Low Road West, Shincliffe, Durham",http://www.rightmove.co.uk/properties/120023297#/?channel=RES_BUY,http://www.rightmove.co.uk/estate-agents/agent/Robinsons/Durham-42734.html,,2.0,2022-02-19 23:43:34.882786
138,195000.0,3 bedroom terraced house for sale,"Briar Row, DH1",http://www.rightmove.co.uk/properties/119178266#/?channel=RES_BUY,http://www.rightmove.co.uk/estate-agents/agent/Griffin-Property-Co/Westcliff-on-Sea-85856.html,DH1,3.0,2022-02-19 23:43:34.882786
139,195000.0,3 bedroom semi-detached house for sale,"Leicestershire Drive, Belmont, Durham, DH1",http://www.rightmove.co.uk/properties/120176426#/?channel=RES_BUY,http://www.rightmove.co.uk/estate-agents/agent/Reeds-Rains/Durham-City-30221.html,DH1,3.0,2022-02-19 23:43:34.882786
140,195000.0,3 bedroom detached house for sale,"Chadwick Close, Ushaw Moor, Durham, DH7",http://www.rightmove.co.uk/properties/114117167#/?channel=RES_BUY,http://www.rightmove.co.uk/estate-agents/agent/Ben-Charles/Durham-83492.html,DH7,3.0,2022-02-19 23:43:34.882786
141,195000.0,1 bedroom character property for sale,"Gilesgate, Durham, DH1",http://www.rightmove.co.uk/properties/119634389#/?channel=RES_BUY,http://www.rightmove.co.uk/estate-agents/agent/Elvet-Estates/Durham-126403.html,DH1,1.0,2022-02-19 23:43:34.882786
142,194950.0,2 bedroom flat for sale,"BYLAND CLOSE, DURHAM CITY, Durham City, DH1 4GY",http://www.rightmove.co.uk/properties/116535296#/?channel=RES_BUY,http://www.rightmove.co.uk/estate-agents/agent/Dowen/Durham-46103.html,DH1,2.0,2022-02-19 23:43:34.882786
143,194950.0,2 bedroom apartment for sale,"Byland Close, Durham, DH1",http://www.rightmove.co.uk/properties/78828315#/?channel=RES_BUY,http://www.rightmove.co.uk/estate-agents/agent/Ben-Charles/Durham-83492.html,DH1,2.0,2022-02-19 23:43:34.882786
144,190000.0,2 bedroom bungalow for sale,"Monks Crescent, Gilesgate, Durham, DH1",http://www.rightmove.co.uk/properties/120181847#/?channel=RES_BUY,http://www.rightmove.co.uk/estate-agents/agent/J-W-Wood/Durham-City-36036.html,DH1,2.0,2022-02-19 23:43:34.882786
145,190000.0,2 bedroom bungalow for sale,"The Orchard, Pity Me, Durham, DH1",http://www.rightmove.co.uk/properties/119574590#/?channel=RES_BUY,http://www.rightmove.co.uk/estate-agents/agent/J-W-Wood/Durham-City-36036.html,DH1,2.0,2022-02-19 23:43:34.882786
146,190000.0,3 bedroom semi-detached house for sale,"Brecken Way, Meadowfield, Durham",http://www.rightmove.co.uk/properties/120069299#/?channel=RES_BUY,http://www.rightmove.co.uk/estate-agents/agent/Robinsons/Durham-42734.html,,3.0,2022-02-19 23:43:34.882786
147,190000.0,3 bedroom detached house for sale,"CRANSON CLOSE, BOWBURN, Durham City : Villages East Of, DH6 5AP",http://www.rightmove.co.uk/properties/116000354#/?channel=RES_BUY,http://www.rightmove.co.uk/estate-agents/agent/Dowen/Durham-46103.html,DH6,3.0,2022-02-19 23:43:34.882786
148,189950.0,3 bedroom semi-detached house for sale,"Brancepeth Close, Newton Hall, Durham, Durham, DH1 5XL",http://www.rightmove.co.uk/properties/119842226#/?channel=RES_BUY,http://www.rightmove.co.uk/estate-agents/agent/Pattinson-Estate-Agents/Gilesgate-74630.html,DH1,3.0,2022-02-19 23:43:34.882786
149,185000.0,3 bedroom semi-detached house for sale,"Canterbury Road, Durham",http://www.rightmove.co.uk/properties/119533262#/?channel=RES_BUY,http://www.rightmove.co.uk/estate-agents/agent/Stuart-Edwards/Durham-41828.html,,3.0,2022-02-19 23:43:34.882786
150,159950.0,3 bedroom semi-detached house for sale,"Carrside, Framwellgate Moor, Durham, DH1",http://www.rightmove.co.uk/properties/120080843#/?channel=RES_BUY,http://www.rightmove.co.uk/estate-agents/agent/Ben-Charles/Durham-83492.html,DH1,3.0,2022-02-19 23:43:34.882786
151,185000.0,3 bedroom semi-detached house for sale,"Brookside, Witton Gilbert, Durham, DH7",http://www.rightmove.co.uk/properties/119765405#/?channel=RES_BUY,http://www.rightmove.co.uk/estate-agents/agent/YOUR-MOVE-Chris-Stonock/Durham-83353.html,DH7,3.0,2022-02-19 23:43:34.882786
152,180000.0,3 bedroom terraced house for sale,"Ayden Grove, Newton Hall, Durham",http://www.rightmove.co.uk/properties/120068774#/?channel=RES_BUY,http://www.rightmove.co.uk/estate-agents/agent/Newfield-Estates/Durham-109595.html,,3.0,2022-02-19 23:43:34.882786
153,180000.0,2 bedroom flat for sale,"Archers Court, Nevilles Cross, Durham City, County Durham, DH1",http://www.rightmove.co.uk/properties/89220565#/?channel=RES_BUY,http://www.rightmove.co.uk/estate-agents/agent/Bridgfords/Durham-335.html,DH1,2.0,2022-02-19 23:43:34.882786
154,180000.0,2 bedroom flat for sale,"Camsell Court, Durham Moor, Durham, DH1",http://www.rightmove.co.uk/properties/111409388#/?channel=RES_BUY,http://www.rightmove.co.uk/estate-agents/agent/J-W-Wood/Durham-City-36036.html,DH1,2.0,2022-02-19 23:43:34.882786
155,180000.0,3 bedroom detached house for sale,"Eastwood, Sacriston, Durham",http://www.rightmove.co.uk/properties/119958617#/?channel=RES_BUY,http://www.rightmove.co.uk/estate-agents/agent/Robinsons/Chester-Le-Street-42746.html,,3.0,2022-02-19 23:43:34.882786
156,180000.0,3 bedroom semi-detached house for sale,"Moor Crescent, Gilesgate, Durham, DH1",http://www.rightmove.co.uk/properties/120207374#/?channel=RES_BUY,http://www.rightmove.co.uk/estate-agents/agent/J-W-Wood/Durham-City-36036.html,DH1,3.0,2022-02-19 23:43:34.882786
157,180000.0,3 bedroom semi-detached house for sale,"The Moorlands, Gilesgate, Durham, DH1",http://www.rightmove.co.uk/properties/113823074#/?channel=RES_BUY,http://www.rightmove.co.uk/estate-agents/agent/J-W-Wood/Durham-City-36036.html,DH1,3.0,2022-02-19 23:43:34.882786
158,180000.0,3 bedroom semi-detached house for sale,"KIRKSTONE DRIVE, CARRVILLE, Durham City, DH1 1AH",http://www.rightmove.co.uk/properties/119683205#/?channel=RES_BUY,http://www.rightmove.co.uk/estate-agents/agent/Dowen/Durham-46103.html,DH1,3.0,2022-02-19 23:43:34.882786
159,175000.0,3 bedroom semi-detached house for sale,"The Hemmel, Browney, Durham, Durham, DH7",http://www.rightmove.co.uk/properties/75307347#/?channel=RES_BUY,http://www.rightmove.co.uk/estate-agents/agent/Ben-Charles/Durham-83492.html,DH7,3.0,2022-02-19 23:43:34.882786
160,175000.0,2 bedroom bungalow for sale,"Ford Road, Newton Hall, Durham, DH1",http://www.rightmove.co.uk/properties/119713742#/?channel=RES_BUY,http://www.rightmove.co.uk/estate-agents/agent/J-W-Wood/Durham-City-36036.html,DH1,2.0,2022-02-19 23:43:34.882786
161,175000.0,3 bedroom semi-detached house for sale,"Swinside Drive, Belmont, Durham, DH1",http://www.rightmove.co.uk/properties/112993811#/?channel=RES_BUY,http://www.rightmove.co.uk/estate-agents/agent/J-W-Wood/Durham-City-36036.html,DH1,3.0,2022-02-19 23:43:34.882786
162,174995.0,3 bedroom semi-detached house for sale,"South Road,
Durham,
DH1 3TG",http://www.rightmove.co.uk/properties/82370109#/?channel=RES_BUY,http://www.rightmove.co.uk/developer/branch/David-Wilson-Homes-North-East/The-Drive-at-Mount-Oswald-160754.html,DH1,3.0,2022-02-19 23:43:34.882786
163,174950.0,3 bedroom semi-detached house for sale,"Mill Lane,
Sherburn Village,
Durham,
DH6",http://www.rightmove.co.uk/properties/83897142#/?channel=RES_BUY,http://www.rightmove.co.uk/developer/branch/Persimmon-Homes-Durham/Moorlands-Walk-217844.html,DH6,3.0,2022-02-19 23:43:34.882786
164,170000.0,2 bedroom semi-detached bungalow for sale,"Leyland Close, Bowburn, Durham",http://www.rightmove.co.uk/properties/119247173#/?channel=RES_BUY,http://www.rightmove.co.uk/estate-agents/agent/Stuart-Edwards/Durham-41828.html,,2.0,2022-02-19 23:43:34.882786
165,170000.0,2 bedroom flat for sale,"St. Giles Close, Gilesgate, Durham, DH1",http://www.rightmove.co.uk/properties/72771162#/?channel=RES_BUY,http://www.rightmove.co.uk/estate-agents/agent/Bridgfords/Durham-335.html,DH1,2.0,2022-02-19 23:43:34.882786
166,165000.0,3 bedroom semi-detached house for sale,"Grange Way, Bowburn",http://www.rightmove.co.uk/properties/115546940#/?channel=RES_BUY,http://www.rightmove.co.uk/estate-agents/agent/Andrew-Craig/Low-Fell-6274.html,,3.0,2022-02-19 23:43:34.882786
167,164950.0,2 bedroom semi-detached bungalow for sale,"Grinstead Way, Carrville, Durham",http://www.rightmove.co.uk/properties/118830422#/?channel=RES_BUY,http://www.rightmove.co.uk/estate-agents/agent/Venture-Properties/Durham-111821.html,,2.0,2022-02-19 23:43:34.882786
168,160000.0,3 bedroom semi-detached house for sale,"Church Wynd, Sherburn Village",http://www.rightmove.co.uk/properties/82461189#/?channel=RES_BUY,http://www.rightmove.co.uk/estate-agents/agent/Stuart-Edwards/Durham-41828.html,,3.0,2022-02-19 23:43:34.882786
169,160000.0,2 bedroom flat for sale,"Old Dryburn Way, Durham",http://www.rightmove.co.uk/properties/64901455#/?channel=RES_BUY,http://www.rightmove.co.uk/estate-agents/agent/Express-Estate-Agency/Nationwide-61544.html,,2.0,2022-02-19 23:43:34.882786
170,160000.0,3 bedroom semi-detached house for sale,"Millford Way, Durham, DH6",http://www.rightmove.co.uk/properties/119977826#/?channel=RES_BUY,http://www.rightmove.co.uk/estate-agents/agent/Strike/Tyne-Tees-and-Border-223625.html,DH6,3.0,2022-02-19 23:43:34.882786
171,160000.0,3 bedroom detached house for sale,"Millford Way, Bowburn",http://www.rightmove.co.uk/properties/110893889#/?channel=RES_BUY,http://www.rightmove.co.uk/estate-agents/agent/Rise-Sales-and-Lettings/Durham-63445.html,,3.0,2022-02-19 23:43:34.882786
172,159950.0,3 bedroom semi-detached house for sale,"Carrside, Framwellgate Moor, Durham, DH1",http://www.rightmove.co.uk/properties/120080843#/?channel=RES_BUY,http://www.rightmove.co.uk/estate-agents/agent/Ben-Charles/Durham-83492.html,DH1,3.0,2022-02-19 23:43:34.882786
173,155000.0,2 bedroom flat for sale,"Whinney Hill,
Durham,
DH1",http://www.rightmove.co.uk/properties/116679491#/?channel=RES_BUY,http://www.rightmove.co.uk/estate-agents/agent/Robinsons/Durham-42734.html,DH1,2.0,2022-02-19 23:43:34.882786
174,154950.0,2 bedroom apartment for sale,"Barrington Close, Framwellgate Moor, Durham",http://www.rightmove.co.uk/properties/89723995#/?channel=RES_BUY,,,2.0,2022-02-19 23:43:34.882786
175,164950.0,2 bedroom semi-detached bungalow for sale,"Grinstead Way, Carrville, Durham",http://www.rightmove.co.uk/properties/118830422#/?channel=RES_BUY,http://www.rightmove.co.uk/estate-agents/agent/Venture-Properties/Durham-111821.html,,2.0,2022-02-19 23:43:34.882786
176,150000.0,2 bedroom flat for sale,"Whinney Hill,
Durham,
DH1",http://www.rightmove.co.uk/properties/116679488#/?channel=RES_BUY,http://www.rightmove.co.uk/estate-agents/agent/J-W-Wood/Durham-City-36036.html,DH1,2.0,2022-02-19 23:43:34.882786
177,150000.0,2 bedroom semi-detached house for sale,"Littlewood Close, Browney, Durham, DH7",http://www.rightmove.co.uk/properties/118740581#/?channel=RES_BUY,http://www.rightmove.co.uk/estate-agents/agent/J-W-Wood/Durham-City-36036.html,DH7,2.0,2022-02-19 23:43:34.882786
178,150000.0,3 bedroom semi-detached house for sale,"Long Acres, Gilesgate, Durham, DH1",http://www.rightmove.co.uk/properties/119883578#/?channel=RES_BUY,http://www.rightmove.co.uk/estate-agents/agent/Bradley-Hall-Chartered-Surveyors-and-Estate-Agents/Durham-45311.html,DH1,3.0,2022-02-19 23:43:34.882786
179,150000.0,Land for sale,"Land Rear Of John Street South, Meadowfield, DH7",http://www.rightmove.co.uk/properties/116899529#/?channel=COM_BUY,http://www.rightmove.co.uk/estate-agents/agent/Robinsons/Durham-42734.html,DH7,,2022-02-19 23:43:34.882786
180,150000.0,2 bedroom apartment for sale,"Low Road West, Shincliffe, Durham",http://www.rightmove.co.uk/properties/81563983#/?channel=RES_BUY,http://www.rightmove.co.uk/estate-agents/agent/Dowen/Durham-46103.html,,2.0,2022-02-19 23:43:34.882786
181,150000.0,3 bedroom terraced house for sale,"GRAY AVENUE, SHERBURN VILLAGE, Durham City : Villages East Of, DH6 1JE",http://www.rightmove.co.uk/properties/119489006#/?channel=RES_BUY,http://www.rightmove.co.uk/estate-agents/agent/YOUR-MOVE-Chris-Stonock/Durham-83353.html,DH6,3.0,2022-02-19 23:43:34.882786
182,150000.0,3 bedroom terraced house for sale,"Edward Street, Durham, DH1",http://www.rightmove.co.uk/properties/119196086#/?channel=RES_BUY,http://www.rightmove.co.uk/estate-agents/agent/Dowen/Durham-46103.html,DH1,3.0,2022-02-19 23:43:34.882786
183,149950.0,3 bedroom semi-detached house for sale,"DEERNESS HEIGHTS, BRANDON, Durham City : Villages West Of, DH7 8TY",http://www.rightmove.co.uk/properties/118673861#/?channel=RES_BUY,http://www.rightmove.co.uk/estate-agents/agent/Evenmore-Properties/Durham-74726.html,DH7,3.0,2022-02-19 23:43:34.882786
184,149950.0,2 bedroom apartment for sale,"Archers Court, Crossgate Moor",http://www.rightmove.co.uk/properties/115006733#/?channel=RES_BUY,http://www.rightmove.co.uk/estate-agents/agent/Robinsons/Durham-42734.html,,2.0,2022-02-19 23:43:34.882786
185,149950.0,3 bedroom link detached house for sale,"Brancepeth Close, Broompark, Durham",http://www.rightmove.co.uk/properties/117080636#/?channel=RES_BUY,http://www.rightmove.co.uk/estate-agents/agent/Ben-Charles/Durham-83492.html,,3.0,2022-02-19 23:43:34.882786
186,149950.0,3 bedroom detached house for sale,"High View, Ushaw Moor, Durham, DH7",http://www.rightmove.co.uk/properties/119976692#/?channel=RES_BUY,http://www.rightmove.co.uk/estate-agents/agent/Robinsons/Durham-42734.html,DH7,3.0,2022-02-19 23:43:34.882786
187,149950.0,3 bedroom semi-detached house for sale,"Swinside Drive, Carrville, Durham",http://www.rightmove.co.uk/properties/119555513#/?channel=RES_BUY,http://www.rightmove.co.uk/estate-agents/agent/Signature/Whitley-Bay-68149.html,,3.0,2022-02-19 23:43:34.882786
188,147000.0,2 bedroom apartment for sale,"School Court, Broompark, Durham",http://www.rightmove.co.uk/properties/111881318#/?channel=RES_BUY,http://www.rightmove.co.uk/estate-agents/agent/Bridgfords/Durham-335.html,,2.0,2022-02-19 23:43:34.882786
189,145000.0,3 bedroom semi-detached house for sale,"Stanhope Close, Meadowfield, Durham, Durham, DH7",http://www.rightmove.co.uk/properties/120133361#/?channel=RES_BUY,http://www.rightmove.co.uk/estate-agents/agent/Bradley-Hall-Chartered-Surveyors-and-Estate-Agents/Durham-45311.html,DH7,3.0,2022-02-19 23:43:34.882786
190,145000.0,Land for sale,"Land Rear Of John Street South, Meadowfield, DH7",http://www.rightmove.co.uk/properties/116899442#/?channel=COM_BUY,http://www.rightmove.co.uk/estate-agents/agent/Purplebricks/covering-Durham-202895.html,DH7,,2022-02-19 23:43:34.882786
191,145000.0,3 bedroom semi-detached house for sale,"Habgood Drive, Durham, DH1",http://www.rightmove.co.uk/properties/115611932#/?channel=RES_BUY,http://www.rightmove.co.uk/estate-agents/agent/Robinsons/Durham-42734.html,DH1,3.0,2022-02-19 23:43:34.882786
192,145000.0,3 bedroom semi-detached house for sale,"Stanhope Close, Meadowfield, Durham",http://www.rightmove.co.uk/properties/116534471#/?channel=RES_BUY,http://www.rightmove.co.uk/estate-agents/agent/Bradley-Hall-Chartered-Surveyors-and-Estate-Agents/Durham-45311.html,,3.0,2022-02-19 23:43:34.882786
193,145000.0,Land for sale,"Land Rear Of John Street South, DH7, Meadowfield, DH7",http://www.rightmove.co.uk/properties/116899583#/?channel=COM_BUY,http://www.rightmove.co.uk/estate-agents/agent/Bradley-Hall-Chartered-Surveyors-and-Estate-Agents/Durham-45311.html,DH7,,2022-02-19 23:43:34.882786
194,145000.0,2 bedroom apartment for sale,"Boste Crescent, Durham, DH1",http://www.rightmove.co.uk/properties/115060736#/?channel=RES_BUY,http://www.rightmove.co.uk/estate-agents/agent/Bradley-Hall-Chartered-Surveyors-and-Estate-Agents/Gosforth-46716.html,DH1,2.0,2022-02-19 23:43:34.882786
195,145000.0,Village house for sale,"Land Rear Of John Street South, Meadowfield, DH7",http://www.rightmove.co.uk/properties/116899640#/?channel=RES_BUY,http://www.rightmove.co.uk/estate-agents/agent/Venture-Properties/Chester-Le-Street-82351.html,DH7,,2022-02-19 23:43:34.882786
196,144950.0,3 bedroom semi-detached house for sale,"Valley View, Sacriston, Durham",http://www.rightmove.co.uk/properties/117676589#/?channel=RES_BUY,http://www.rightmove.co.uk/estate-agents/agent/Moovd/Durham-219764.html,,3.0,2022-02-19 23:43:34.882786
197,140000.0,3 bedroom terraced house for sale,"Belle Vue Terrace, Durham",http://www.rightmove.co.uk/properties/118949339#/?channel=RES_BUY,http://www.rightmove.co.uk/estate-agents/agent/YOUR-MOVE-Chris-Stonock/Durham-83353.html,,3.0,2022-02-19 23:43:34.882786
198,140000.0,2 bedroom flat for sale,"Claypath Court, Durham, DH1",http://www.rightmove.co.uk/properties/118972550#/?channel=RES_BUY,http://www.rightmove.co.uk/estate-agents/agent/Express-Estate-Agency/Nationwide-61544.html,DH1,2.0,2022-02-19 23:43:34.882786
199,140000.0,3 bedroom terraced house for sale,"Rowan Drive, Brasside, Durham",http://www.rightmove.co.uk/properties/118964459#/?channel=RES_BUY,,,3.0,2022-02-19 23:43:34.882786
200,260000.0,3 bedroom town house for sale,"Kirkwood Drive, Nevilles Cross, Durham",http://www.rightmove.co.uk/properties/120153902#/?channel=RES_BUY,http://www.rightmove.co.uk/estate-agents/agent/Robinsons/Durham-42734.html,,3.0,2022-02-19 23:43:34.882786
201,140000.0,3 bedroom semi-detached house for sale,"Kirkfields, Sherburn Hill, Durham",http://www.rightmove.co.uk/properties/119378081#/?channel=RES_BUY,http://www.rightmove.co.uk/estate-agents/agent/Robinsons/Durham-42734.html,,3.0,2022-02-19 23:43:34.882786
202,140000.0,3 bedroom semi-detached house for sale,"Cavendish Court, Brandon, Durham",http://www.rightmove.co.uk/properties/119375813#/?channel=RES_BUY,http://www.rightmove.co.uk/estate-agents/agent/Robinsons/Durham-42734.html,,3.0,2022-02-19 23:43:34.882786
203,140000.0,2 bedroom semi-detached bungalow for sale,"Limecrag Avenue, Gilesgate, Durham",http://www.rightmove.co.uk/properties/119379299#/?channel=RES_BUY,http://www.rightmove.co.uk/estate-agents/agent/Robinsons/Durham-42734.html,,2.0,2022-02-19 23:43:34.882786
204,139950.0,3 bedroom semi-detached house for sale,"Victoria Square, Bowburn, Durham, DH6",http://www.rightmove.co.uk/properties/113546120#/?channel=RES_BUY,http://www.rightmove.co.uk/estate-agents/agent/Ben-Charles/Durham-83492.html,DH6,3.0,2022-02-19 23:43:34.882786
205,139950.0,3 bedroom semi-detached house for sale,"Pennine View, Sherburn Hill, Durham, DH6",http://www.rightmove.co.uk/properties/118536617#/?channel=RES_BUY,http://www.rightmove.co.uk/estate-agents/agent/YOUR-MOVE-Chris-Stonock/Durham-83353.html,DH6,3.0,2022-02-19 23:43:34.882786
206,139950.0,2 bedroom terraced house for sale,"Neville Terrace, Crossgate Moor, Durham",http://www.rightmove.co.uk/properties/115987985#/?channel=RES_BUY,http://www.rightmove.co.uk/estate-agents/agent/Robinsons/Durham-42734.html,,2.0,2022-02-19 23:43:34.882786
207,139950.0,3 bedroom semi-detached house for sale,"Chadwick Close, Ushaw Moor, County Durham",http://www.rightmove.co.uk/properties/72303078#/?channel=RES_BUY,http://www.rightmove.co.uk/estate-agents/agent/Venture-Properties/Durham-111821.html,,3.0,2022-02-19 23:43:34.882786
208,139500.0,3 bedroom end of terrace house for sale,"Farnham Road, Newton Hall, Durham, DH1",http://www.rightmove.co.uk/properties/117490214#/?channel=RES_BUY,http://www.rightmove.co.uk/estate-agents/agent/Reeds-Rains/Durham-City-30221.html,DH1,3.0,2022-02-19 23:43:34.882786
209,135000.0,3 bedroom terraced house for sale,"Findon Hill, Sacriston, Durham, Durham, DH7",http://www.rightmove.co.uk/properties/119365094#/?channel=RES_BUY,http://www.rightmove.co.uk/estate-agents/agent/Bridgfords/Durham-335.html,DH7,3.0,2022-02-19 23:43:34.882786
210,130000.0,2 bedroom semi-detached house for sale,"PENSHAW VIEW, SACRISTON, Durham City : Villages West Of, DH7 6UX",http://www.rightmove.co.uk/properties/120158960#/?channel=RES_BUY,http://www.rightmove.co.uk/estate-agents/agent/Dowen/Durham-46103.html,DH7,2.0,2022-02-19 23:43:34.882786
211,130000.0,3 bedroom semi-detached house for sale,"ESHWOOD VIEW, USHAW MOOR, Durham City : Villages West Of, DH7 7FD",http://www.rightmove.co.uk/properties/120153707#/?channel=RES_BUY,http://www.rightmove.co.uk/estate-agents/agent/Dowen/Durham-46103.html,DH7,3.0,2022-02-19 23:43:34.882786
212,129950.0,2 bedroom end of terrace house for sale,"Church Row, West Rainton",http://www.rightmove.co.uk/properties/120002399#/?channel=RES_BUY,http://www.rightmove.co.uk/estate-agents/agent/Stuart-Edwards/Durham-41828.html,,2.0,2022-02-19 23:43:34.882786
213,129950.0,2 bedroom terraced house for sale,"Black Road, Langley Moor, Durham, DH7",http://www.rightmove.co.uk/properties/82741362#/?channel=RES_BUY,http://www.rightmove.co.uk/estate-agents/agent/Ben-Charles/Durham-83492.html,DH7,2.0,2022-02-19 23:43:34.882786
214,127950.0,3 bedroom terraced house for sale,"Park View, Witton Gilbert, Durham",http://www.rightmove.co.uk/properties/86187751#/?channel=RES_BUY,http://www.rightmove.co.uk/estate-agents/agent/Robinsons/Durham-42734.html,,3.0,2022-02-19 23:43:34.882786
215,125000.0,3 bedroom semi-detached house for sale,"Brockwell Court, Brandon, Durham, DH7",http://www.rightmove.co.uk/properties/118884458#/?channel=RES_BUY,http://www.rightmove.co.uk/estate-agents/agent/Bridgfords/Durham-335.html,DH7,3.0,2022-02-19 23:43:34.882786
216,125000.0,3 bedroom end of terrace house for sale,"Finchale View, West Rainton, DH4",http://www.rightmove.co.uk/properties/119784296#/?channel=RES_BUY,http://www.rightmove.co.uk/estate-agents/agent/Hegartys-Estate-Agents/Houghton-le-Spring-212546.html,DH4,3.0,2022-02-19 23:43:34.882786
217,125000.0,3 bedroom end of terrace house for sale,"Finchale View, West Rainton, Houghton Le Spring",http://www.rightmove.co.uk/properties/120153203#/?channel=RES_BUY,http://www.rightmove.co.uk/estate-agents/agent/Kimmitt-and-Roberts/Houghton-Le-Spring-41972.html,,3.0,2022-02-19 23:43:34.882786
218,125000.0,2 bedroom semi-detached house for sale,"CAMBERLEY DRIVE, BRANDON, Durham City, DH7 8TD",http://www.rightmove.co.uk/properties/82829922#/?channel=RES_BUY,http://www.rightmove.co.uk/estate-agents/agent/Dowen/Durham-46103.html,DH7,2.0,2022-02-19 23:43:34.882786
219,125000.0,3 bedroom town house for sale,"Fieldview, Bearpark",http://www.rightmove.co.uk/properties/118315250#/?channel=RES_BUY,http://www.rightmove.co.uk/estate-agents/agent/Sylvester-Properties/Stanley-205673.html,,3.0,2022-02-19 23:43:34.882786
220,125000.0,3 bedroom semi-detached house for sale,"Woodland View, Houghton Le Spring, DH4",http://www.rightmove.co.uk/properties/82841592#/?channel=RES_BUY,http://www.rightmove.co.uk/estate-agents/agent/Purplebricks/covering-Durham-202895.html,DH4,3.0,2022-02-19 23:43:34.882786
221,125000.0,1 bedroom apartment for sale,"Camsell Court, Durham",http://www.rightmove.co.uk/properties/111542642#/?channel=RES_BUY,http://www.rightmove.co.uk/estate-agents/agent/Elite-Estates-and-Lettings/Durham-80477.html,,1.0,2022-02-19 23:43:34.882786
222,125000.0,3 bedroom terraced house for sale,"Findon Hill, Sacriston, Durham",http://www.rightmove.co.uk/properties/119843705#/?channel=RES_BUY,http://www.rightmove.co.uk/estate-agents/agent/Venture-Properties/Chester-Le-Street-82351.html,,3.0,2022-02-19 23:43:34.882786
223,120000.0,2 bedroom flat for sale,"Claypath Court, Durham, Durham, DH1",http://www.rightmove.co.uk/properties/119661728#/?channel=RES_BUY,http://www.rightmove.co.uk/estate-agents/agent/Bridgfords/Durham-335.html,DH1,2.0,2022-02-19 23:43:34.882786
224,120000.0,3 bedroom semi-detached house for sale,"Prospect View, West Rainton",http://www.rightmove.co.uk/properties/120097292#/?channel=RES_BUY,http://www.rightmove.co.uk/estate-agents/agent/Stuart-Edwards/Durham-41828.html,,3.0,2022-02-19 23:43:34.882786
225,190000.0,2 bedroom bungalow for sale,"Monks Crescent, Gilesgate, Durham, DH1",http://www.rightmove.co.uk/properties/120181847#/?channel=RES_BUY,http://www.rightmove.co.uk/estate-agents/agent/J-W-Wood/Durham-City-36036.html,DH1,2.0,2022-02-19 23:43:34.882786
226,120000.0,2 bedroom terraced house for sale,"Holly Crescent, Sacriston, County Durham",http://www.rightmove.co.uk/properties/114448385#/?channel=RES_BUY,http://www.rightmove.co.uk/estate-agents/agent/Venture-Properties/Durham-111821.html,,2.0,2022-02-19 23:43:34.882786
227,120000.0,1 bedroom apartment for sale,"Durham Moor, Durham",http://www.rightmove.co.uk/properties/114730976#/?channel=RES_BUY,http://www.rightmove.co.uk/estate-agents/agent/Robinsons/Durham-42734.html,,1.0,2022-02-19 23:43:34.882786
228,120000.0,3 bedroom semi-detached house for sale,"Rowantree Avenue, Gilesgate",http://www.rightmove.co.uk/properties/120055166#/?channel=RES_BUY,http://www.rightmove.co.uk/estate-agents/agent/Rise-Sales-and-Lettings/Durham-63445.html,,3.0,2022-02-19 23:43:34.882786
229,119950.0,3 bedroom terraced house for sale,"Frederick Street South, Meadowfield, Durham, DH7",http://www.rightmove.co.uk/properties/117818705#/?channel=RES_BUY,http://www.rightmove.co.uk/estate-agents/agent/YOUR-MOVE-Chris-Stonock/Durham-83353.html,DH7,3.0,2022-02-19 23:43:34.882786
230,119950.0,3 bedroom terraced house for sale,"High Street, Carrville, Durham",http://www.rightmove.co.uk/properties/120198377#/?channel=RES_BUY,http://www.rightmove.co.uk/estate-agents/agent/Venture-Properties/Durham-111821.html,,3.0,2022-02-19 23:43:34.882786
231,119950.0,2 bedroom terraced house for sale,"DALE STREET, USHAW MOOR, Durham City : Villages West Of, DH7 7PE",http://www.rightmove.co.uk/properties/118368233#/?channel=RES_BUY,http://www.rightmove.co.uk/estate-agents/agent/Dowen/Durham-46103.html,DH7,2.0,2022-02-19 23:43:34.882786
232,115000.0,2 bedroom semi-detached house for sale,"Coronation Avenue, Carrville, Durham, Durham, DH1 1NJ",http://www.rightmove.co.uk/properties/119684762#/?channel=RES_BUY,http://www.rightmove.co.uk/estate-agents/agent/Pattinson-Estate-Agents/Gilesgate-74630.html,DH1,2.0,2022-02-19 23:43:34.882786
233,115000.0,2 bedroom semi-detached house for sale,"BROOME ROAD, CARRVILLE, Durham City, DH1 1ND",http://www.rightmove.co.uk/properties/119361650#/?channel=RES_BUY,http://www.rightmove.co.uk/estate-agents/agent/Dowen/Durham-46103.html,DH1,2.0,2022-02-19 23:43:34.882786
234,115000.0,4 bedroom semi-detached house for sale,"Alfreton Close, Brandon, Durham",http://www.rightmove.co.uk/properties/119377925#/?channel=RES_BUY,http://www.rightmove.co.uk/estate-agents/agent/Robinsons/Durham-42734.html,,4.0,2022-02-19 23:43:34.882786
235,115000.0,1 bedroom detached bungalow for sale,"Finchale Abbey Village, Brasside, Durham",http://www.rightmove.co.uk/properties/110941685#/?channel=RES_BUY,http://www.rightmove.co.uk/estate-agents/agent/Newfield-Estates/Durham-109595.html,,1.0,2022-02-19 23:43:34.882786
236,115000.0,3 bedroom terraced house for sale,"John Street North, Meadowfield, Durham",http://www.rightmove.co.uk/properties/114894422#/?channel=RES_BUY,http://www.rightmove.co.uk/estate-agents/agent/Robinsons/Durham-42734.html,,3.0,2022-02-19 23:43:34.882786
237,112000.0,3 bedroom semi-detached house for sale,"CRANSON CLOSE, BOWBURN, Durham City : Villages East Of, DH6 5BF",http://www.rightmove.co.uk/properties/120046943#/?channel=RES_BUY,http://www.rightmove.co.uk/estate-agents/agent/Dowen/Durham-46103.html,DH6,3.0,2022-02-19 23:43:34.882786
238,110000.0,2 bedroom flat for sale,"Pickering Place, Carrville, Durham, DH1",http://www.rightmove.co.uk/properties/119315765#/?channel=RES_BUY,http://www.rightmove.co.uk/estate-agents/agent/J-W-Wood/Durham-City-36036.html,DH1,2.0,2022-02-19 23:43:34.882786
239,110000.0,3 bedroom terraced house for sale,"John Street North, Meadowfield, Durham, DH7",http://www.rightmove.co.uk/properties/118774769#/?channel=RES_BUY,http://www.rightmove.co.uk/estate-agents/agent/J-W-Wood/Durham-City-36036.html,DH7,3.0,2022-02-19 23:43:34.882786
240,110000.0,2 bedroom semi-detached house for sale,"Mill Lane, Sherburn Village, DH6",http://www.rightmove.co.uk/properties/119354003#/?channel=RES_BUY,http://www.rightmove.co.uk/estate-agents/agent/Purplebricks/covering-Durham-202895.html,DH6,2.0,2022-02-19 23:43:34.882786
241,110000.0,3 bedroom terraced house for sale,"Front Street, Sherburn Hill, Durham, Durham",http://www.rightmove.co.uk/properties/118169429#/?channel=RES_BUY,http://www.rightmove.co.uk/estate-agents/agent/Springbok-Properties/Nationwide-53811.html,,3.0,2022-02-19 23:43:34.882786
242,110000.0,1 bedroom retirement property for sale,"Durham Moor, Durham",http://www.rightmove.co.uk/properties/120071864#/?channel=RES_BUY,http://www.rightmove.co.uk/estate-agents/agent/Express-Estate-Agency/Nationwide-61544.html,,1.0,2022-02-19 23:43:34.882786
243,110000.0,1 bedroom ground floor flat for sale,"Camsell Court, Framwellgate Moor, Durham",http://www.rightmove.co.uk/properties/118094114#/?channel=RES_BUY,http://www.rightmove.co.uk/estate-agents/agent/Newfield-Estates/Durham-109595.html,,1.0,2022-02-19 23:43:34.882786
244,110000.0,3 bedroom semi-detached house for sale,"Rainton Gate, Houghton Le Spring",http://www.rightmove.co.uk/properties/111852161#/?channel=RES_BUY,http://www.rightmove.co.uk/estate-agents/agent/Kimmitt-and-Roberts/Houghton-Le-Spring-41972.html,,3.0,2022-02-19 23:43:34.882786
245,104950.0,2 bedroom apartment for sale,"Whitfield Court, Framwellgate Moor, Durham",http://www.rightmove.co.uk/properties/72571791#/?channel=RES_BUY,http://www.rightmove.co.uk/estate-agents/agent/Newfield-Estates/Durham-109595.html,,2.0,2022-02-19 23:43:34.882786
246,104950.0,3 bedroom terraced house for sale,"Ashwood Close, Sacriston, Durham, DH7",http://www.rightmove.co.uk/properties/82841886#/?channel=RES_BUY,http://www.rightmove.co.uk/estate-agents/agent/YOUR-MOVE-Chris-Stonock/Durham-83353.html,DH7,3.0,2022-02-19 23:43:34.882786
247,,Land for sale,"Land Rear Of John Street South, Meadowfield, DH7",http://www.rightmove.co.uk/properties/81041517#/?channel=COM_BUY,http://www.rightmove.co.uk/estate-agents/agent/Bradley-Hall-Chartered-Surveyors-and-Estate-Agents/Durham-45311.html,DH7,,2022-02-19 23:43:34.882786
248,100000.0,Land for sale,"Land Rear Of John Street South, Meadowfield, DH7",http://www.rightmove.co.uk/properties/116899310#/?channel=COM_BUY,http://www.rightmove.co.uk/estate-agents/agent/Bradley-Hall-Chartered-Surveyors-and-Estate-Agents/Durham-45311.html,DH7,,2022-02-19 23:43:34.882786
249,100000.0,2 bedroom flat for sale,"2 School Court, Durham, DH7",http://www.rightmove.co.uk/properties/119276837#/?channel=RES_BUY,http://www.rightmove.co.uk/estate-agents/agent/Auction-House/Auction-House-North-East-43785.html,DH7,2.0,2022-02-19 23:43:34.882786
250,215000.0,3 bedroom detached house for sale,"Cranson Close, Bowburn, Durham",http://www.rightmove.co.uk/properties/119978627#/?channel=RES_BUY,http://www.rightmove.co.uk/estate-agents/agent/Robinsons/Durham-42734.html,,3.0,2022-02-19 23:43:34.882786
251,100000.0,Land for sale,"Land Rear Of John Street South, Meadowfield, DH7",http://www.rightmove.co.uk/properties/116899658#/?channel=COM_BUY,http://www.rightmove.co.uk/estate-agents/agent/Bradley-Hall-Chartered-Surveyors-and-Estate-Agents/Durham-45311.html,DH7,,2022-02-19 23:43:34.882786
252,99950.0,2 bedroom terraced house for sale,"HARLE STREET, BROWNEY, Durham City, DH7 8HX",http://www.rightmove.co.uk/properties/118768787#/?channel=RES_BUY,http://www.rightmove.co.uk/estate-agents/agent/Dowen/Durham-46103.html,DH7,2.0,2022-02-19 23:43:34.882786
253,99950.0,3 bedroom terraced house for sale,"Commercial Street, Brandon, Durham",http://www.rightmove.co.uk/properties/118577054#/?channel=RES_BUY,http://www.rightmove.co.uk/estate-agents/agent/Robinsons/Durham-42734.html,,3.0,2022-02-19 23:43:34.882786
254,99950.0,2 bedroom apartment for sale,"Lambton View, Rainton Gate, Durham, DH4",http://www.rightmove.co.uk/properties/109667273#/?channel=RES_BUY,http://www.rightmove.co.uk/estate-agents/agent/Bradley-Hall-Chartered-Surveyors-and-Estate-Agents/Durham-45311.html,DH4,2.0,2022-02-19 23:43:34.882786
255,99950.0,1 bedroom ground floor flat for sale,"Claypath Court, Claypath",http://www.rightmove.co.uk/properties/119736902#/?channel=RES_BUY,http://www.rightmove.co.uk/estate-agents/agent/Rise-Sales-and-Lettings/Durham-63445.html,,1.0,2022-02-19 23:43:34.882786
256,99950.0,2 bedroom apartment for sale,"New Elvet, Durham City",http://www.rightmove.co.uk/properties/116186033#/?channel=RES_BUY,http://www.rightmove.co.uk/estate-agents/agent/Robinsons/Durham-42734.html,,2.0,2022-02-19 23:43:34.882786
257,99950.0,2 bedroom apartment for sale,"Lambton View, Rainton Gate, Durham, DH4",http://www.rightmove.co.uk/properties/109667192#/?channel=RES_BUY,http://www.rightmove.co.uk/estate-agents/agent/Bradley-Hall-Chartered-Surveyors-and-Estate-Agents/Durham-45311.html,DH4,2.0,2022-02-19 23:43:34.882786
258,99950.0,3 bedroom end of terrace house for sale,"Hillside View, Sherburn Village, Durham",http://www.rightmove.co.uk/properties/119678123#/?channel=RES_BUY,http://www.rightmove.co.uk/estate-agents/agent/Robinsons/Durham-42734.html,,3.0,2022-02-19 23:43:34.882786
259,98800.0,2 bedroom apartment for sale,"Aidan Gardens, Belmont, Durham, DH1",http://www.rightmove.co.uk/properties/107774642#/?channel=RES_BUY,http://www.rightmove.co.uk/estate-agents/agent/Reeds-Rains/Durham-City-30221.html,DH1,2.0,2022-02-19 23:43:34.882786
260,97500.0,1 bedroom apartment for sale,"Camsell Court, Durham Moor, DH1",http://www.rightmove.co.uk/properties/109142732#/?channel=RES_BUY,http://www.rightmove.co.uk/estate-agents/agent/Copeland-Residential/Chester-Le-Street-89051.html,DH1,1.0,2022-02-19 23:43:34.882786
261,95000.0,2 bedroom apartment for sale,"Victoria Court, Framwellgate Moor",http://www.rightmove.co.uk/properties/120061370#/?channel=RES_BUY,http://www.rightmove.co.uk/estate-agents/agent/Rise-Sales-and-Lettings/Durham-63445.html,,2.0,2022-02-19 23:43:34.882786
262,95000.0,2 bedroom flat for sale,"The Firs, Kimblesworth, Chester Le Street, DH2",http://www.rightmove.co.uk/properties/114864857#/?channel=RES_BUY,http://www.rightmove.co.uk/estate-agents/agent/J-W-Wood/Chester-Le-Street-36057.html,DH2,2.0,2022-02-19 23:43:34.882786
263,95000.0,3 bedroom terraced house for sale,"Belles Ville, Gilesgate, Durham",http://www.rightmove.co.uk/properties/119158280#/?channel=RES_BUY,http://www.rightmove.co.uk/estate-agents/agent/Robinsons/Durham-42734.html,,3.0,2022-02-19 23:43:34.882786
264,95000.0,Land for sale,"15 Durham Road, Sacriston, County Durham",http://www.rightmove.co.uk/properties/119731808#/?channel=COM_BUY,http://www.rightmove.co.uk/estate-agents/agent/Rook-Matthews-Sayer/Newcastle-Upon-Tyne---Commercial-Properties-63935.html,,,2022-02-19 23:43:34.882786
265,95000.0,3 bedroom terraced house for sale,"HIGH STREET NORTH, LANGLEY MOOR, Durham City, DH7 8JH",http://www.rightmove.co.uk/properties/119940809#/?channel=RES_BUY,http://www.rightmove.co.uk/estate-agents/agent/Dowen/Durham-46103.html,DH7,3.0,2022-02-19 23:43:34.882786
266,94950.0,3 bedroom semi-detached house for sale,"DORLONCO VILLAS, MEADOWFIELD, Durham City, DH7 8RZ",http://www.rightmove.co.uk/properties/114669083#/?channel=RES_BUY,http://www.rightmove.co.uk/estate-agents/agent/Dowen/Durham-46103.html,DH7,3.0,2022-02-19 23:43:34.882786
267,92500.0,1 bedroom apartment for sale,"Camsell Court, Durham Moor, Durham, County Durham, DH1 5FQ",http://www.rightmove.co.uk/properties/109137365#/?channel=RES_BUY,http://www.rightmove.co.uk/estate-agents/agent/Emmatt-Rundle-and-Co/Chester-Le-Street-113734.html,DH1,1.0,2022-02-19 23:43:34.882786
268,92000.0,3 bedroom terraced house for sale,"Hawthorne Terrace, New Brancepeth, Durham, DH7",http://www.rightmove.co.uk/properties/115454915#/?channel=RES_BUY,http://www.rightmove.co.uk/estate-agents/agent/YOUR-MOVE-Chris-Stonock/Durham-83353.html,DH7,3.0,2022-02-19 23:43:34.882786
269,90000.0,2 bedroom apartment for sale,"Hutton Way, Durham, DH1",http://www.rightmove.co.uk/properties/114397361#/?channel=RES_BUY,http://www.rightmove.co.uk/estate-agents/agent/Ben-Charles/Durham-83492.html,DH1,2.0,2022-02-19 23:43:34.882786
270,90000.0,3 bedroom terraced house for sale,"Dorothy Terrace, Sacriston, County Durham, DH7",http://www.rightmove.co.uk/properties/120207362#/?channel=RES_BUY,http://www.rightmove.co.uk/estate-agents/agent/J-W-Wood/Chester-Le-Street-36057.html,DH7,3.0,2022-02-19 23:43:34.882786
271,90000.0,2 bedroom flat for sale,"The Firs Kimblesworth, Chester Le Street",http://www.rightmove.co.uk/properties/119444942#/?channel=RES_BUY,http://www.rightmove.co.uk/estate-agents/agent/Robinsons/Chester-Le-Street-42746.html,,2.0,2022-02-19 23:43:34.882786
272,89950.0,2 bedroom terraced house for sale,"Elliot Street, Sacriston, Durham, DH7",http://www.rightmove.co.uk/properties/119266268#/?channel=RES_BUY,http://www.rightmove.co.uk/estate-agents/agent/Ben-Charles/Durham-83492.html,DH7,2.0,2022-02-19 23:43:34.882786
273,89950.0,1 bedroom ground floor flat for sale,"Minster Court, Durham",http://www.rightmove.co.uk/properties/117962423#/?channel=RES_BUY,http://www.rightmove.co.uk/estate-agents/agent/Stuart-Edwards/Durham-41828.html,,1.0,2022-02-19 23:43:34.882786
274,89950.0,3 bedroom terraced house for sale,"Westwood View, Sacriston, Durham",http://www.rightmove.co.uk/properties/119626649#/?channel=RES_BUY,http://www.rightmove.co.uk/estate-agents/agent/Newfield-Estates/Durham-109595.html,,3.0,2022-02-19 23:43:34.882786
275,80000.0,1 bedroom retirement property for sale,"Claypath Court, Durham City, DH1",http://www.rightmove.co.uk/properties/113601992#/?channel=RES_BUY,http://www.rightmove.co.uk/estate-agents/agent/J-W-Wood/Durham-City-36036.html,DH1,1.0,2022-02-19 23:43:34.882786
276,89950.0,2 bedroom terraced house for sale,"ELLIOT STREET, SACRISTON, Durham City : Villages West Of, DH7 6JH",http://www.rightmove.co.uk/properties/83608548#/?channel=RES_BUY,http://www.rightmove.co.uk/estate-agents/agent/Dowen/Durham-46103.html,DH7,2.0,2022-02-19 23:43:34.882786
277,89950.0,Land for sale,"Front Street, Sherburn Village, Durham, DH6",http://www.rightmove.co.uk/properties/86870768#/?channel=COM_BUY,http://www.rightmove.co.uk/estate-agents/agent/YOUR-MOVE-Chris-Stonock/Durham-83353.html,DH6,,2022-02-19 23:43:34.882786
278,89950.0,2 bedroom terraced house for sale,"Thomas Street, Durham, DH7",http://www.rightmove.co.uk/properties/119110646#/?channel=RES_BUY,http://www.rightmove.co.uk/estate-agents/agent/Copeland-Residential/Chester-Le-Street-89051.html,DH7,2.0,2022-02-19 23:43:34.882786
279,89950.0,4 bedroom terraced house for sale,"Woodland View, Durham, DH4",http://www.rightmove.co.uk/properties/114172901#/?channel=RES_BUY,http://www.rightmove.co.uk/estate-agents/agent/REA-Estates/Bishop-Auckland---Sales-37407.html,DH4,4.0,2022-02-19 23:43:34.882786
280,89950.0,2 bedroom apartment for sale,"Lindisfarne Road, Newton Hall, Durham",http://www.rightmove.co.uk/properties/119731868#/?channel=RES_BUY,http://www.rightmove.co.uk/estate-agents/agent/Robinsons/Durham-42734.html,,2.0,2022-02-19 23:43:34.882786
281,86000.0,1 bedroom apartment for sale,"Frederick Street North, Meadowfield, County Durham",http://www.rightmove.co.uk/properties/119663579#/?channel=RES_BUY,http://www.rightmove.co.uk/estate-agents/agent/Venture-Properties/Durham-111821.html,,1.0,2022-02-19 23:43:34.882786
282,85000.0,3 bedroom terraced house for sale,"George Terrace, Bearpark, Durham, DH7",http://www.rightmove.co.uk/properties/115761743#/?channel=RES_BUY,http://www.rightmove.co.uk/estate-agents/agent/Reeds-Rains/Durham-City-30221.html,DH7,3.0,2022-02-19 23:43:34.882786
283,85000.0,2 bedroom ground floor flat for sale,"Grange Court, Carrville, Durham, Durham, DH1 1BL",http://www.rightmove.co.uk/properties/117652694#/?channel=RES_BUY,http://www.rightmove.co.uk/estate-agents/agent/Pattinson-Estate-Agents/Gilesgate-74630.html,DH1,2.0,2022-02-19 23:43:34.882786
284,85000.0,2 bedroom terraced house for sale,"Sowerby Street, Sacriston, DH7",http://www.rightmove.co.uk/properties/116119745#/?channel=RES_BUY,http://www.rightmove.co.uk/estate-agents/agent/Copeland-Residential/Chester-Le-Street-89051.html,DH7,2.0,2022-02-19 23:43:34.882786
285,84950.0,3 bedroom semi-detached house for sale,"Hemmel Courts, Durham, DH7",http://www.rightmove.co.uk/properties/117154592#/?channel=RES_BUY,http://www.rightmove.co.uk/estate-agents/agent/REA-Estates/Bishop-Auckland---Sales-37407.html,DH7,3.0,2022-02-19 23:43:34.882786
286,83500.0,2 bedroom terraced house for sale,"BAINBRIDGE STREET, CARRVILLE, Durham City, DH1 1NA",http://www.rightmove.co.uk/properties/114182930#/?channel=RES_BUY,http://www.rightmove.co.uk/estate-agents/agent/Dowen/Durham-46103.html,DH1,2.0,2022-02-19 23:43:34.882786
287,82950.0,2 bedroom terraced house for sale,"Bainbridge Street, Carrville",http://www.rightmove.co.uk/properties/118772900#/?channel=RES_BUY,http://www.rightmove.co.uk/estate-agents/agent/Rise-Sales-and-Lettings/Durham-63445.html,,2.0,2022-02-19 23:43:34.882786
288,82950.0,2 bedroom apartment for sale,"Grange Court, Carrville, Durham",http://www.rightmove.co.uk/properties/112913942#/?channel=RES_BUY,http://www.rightmove.co.uk/estate-agents/agent/Robinsons/Durham-42734.html,,2.0,2022-02-19 23:43:34.882786
289,80000.0,1 bedroom semi-detached bungalow for sale,"SACRISTON LANE, WITTON GILBERT, Durham City : Villages West Of, DH7 6QP",http://www.rightmove.co.uk/properties/118303538#/?channel=RES_BUY,http://www.rightmove.co.uk/estate-agents/agent/Dowen/Durham-46103.html,DH7,1.0,2022-02-19 23:43:34.882786
290,80000.0,2 bedroom flat for sale,"ST.Andrews Square, Brandon, Durham, Durham, DH7 8NU",http://www.rightmove.co.uk/properties/111066434#/?channel=RES_BUY,http://www.rightmove.co.uk/estate-agents/agent/Pattinson-Estate-Agents/Gilesgate-74630.html,DH7,2.0,2022-02-19 23:43:34.882786
291,80000.0,2 bedroom semi-detached house for sale,"Prince Charles Avenue, Bowburn",http://www.rightmove.co.uk/properties/90051625#/?channel=RES_BUY,http://www.rightmove.co.uk/estate-agents/agent/Sylvester-Properties/Stanley-205673.html,,2.0,2022-02-19 23:43:34.882786
292,80000.0,1 bedroom retirement property for sale,"Claypath Court, Durham City, DH1",http://www.rightmove.co.uk/properties/113601992#/?channel=RES_BUY,http://www.rightmove.co.uk/estate-agents/agent/J-W-Wood/Durham-City-36036.html,DH1,1.0,2022-02-19 23:43:34.882786
293,80000.0,1 bedroom bungalow for sale,"Sacriston Lane, Witton Gilbert, Durham",http://www.rightmove.co.uk/properties/89523631#/?channel=RES_BUY,http://www.rightmove.co.uk/estate-agents/agent/Robinsons/Durham-42734.html,,1.0,2022-02-19 23:43:34.882786
294,79950.0,1 bedroom apartment for sale,"Camsell Court, Durham Moor, Durham",http://www.rightmove.co.uk/properties/89053645#/?channel=RES_BUY,http://www.rightmove.co.uk/estate-agents/agent/Robinsons/Durham-42734.html,,1.0,2022-02-19 23:43:34.882786
295,79950.0,2 bedroom terraced house for sale,"Waltons Terrace, New Brancepeth, Durham, DH7",http://www.rightmove.co.uk/properties/119277614#/?channel=RES_BUY,http://www.rightmove.co.uk/estate-agents/agent/YOUR-MOVE-Chris-Stonock/Durham-83353.html,DH7,2.0,2022-02-19 23:43:34.882786
296,79950.0,1 bedroom flat for sale,"Camsell Court, Durham, DH1 5FQ",http://www.rightmove.co.uk/properties/68272881#/?channel=RES_BUY,http://www.rightmove.co.uk/estate-agents/agent/Retirement-Homesearch/New-Milton-12522.html,DH1,1.0,2022-02-19 23:43:34.882786
297,75000.0,2 bedroom semi-detached house for sale,"George Street, Bowburn, County Durham",http://www.rightmove.co.uk/properties/120173210#/?channel=RES_BUY,http://www.rightmove.co.uk/estate-agents/agent/Safe-and-Secure-Properties/Houghton-Le-Spring-140753.html,,2.0,2022-02-19 23:43:34.882786
298,75000.0,2 bedroom terraced house for sale,"Edward Terrace, New Brancepeth, Durham, DH7",http://www.rightmove.co.uk/properties/120115190#/?channel=RES_BUY,http://www.rightmove.co.uk/estate-agents/agent/Reeds-Rains/Durham-City-30221.html,DH7,2.0,2022-02-19 23:43:34.882786
299,75000.0,2 bedroom terraced house for sale,"North View, Sherburn Hill, Durham",http://www.rightmove.co.uk/properties/118562735#/?channel=RES_BUY,http://www.rightmove.co.uk/estate-agents/agent/elopa/Sunderland-161747.html,,2.0,2022-02-19 23:43:34.882786
300,200000.0,3 bedroom detached house for sale,"Sherburn Road, Gilesgate, Durham",http://www.rightmove.co.uk/properties/120154802#/?channel=RES_BUY,http://www.rightmove.co.uk/estate-agents/agent/Robinsons/Durham-42734.html,,3.0,2022-02-19 23:43:34.882786
301,75000.0,2 bedroom apartment for sale,"Front Street, Sherburn Hill, Durham, Durham, DH6",http://www.rightmove.co.uk/properties/117198050#/?channel=RES_BUY,http://www.rightmove.co.uk/estate-agents/agent/Reeds-Rains/Durham-City-30221.html,DH6,2.0,2022-02-19 23:43:34.882786
302,75000.0,2 bedroom apartment for sale,"Front Street, Sherburn Hill, Durham",http://www.rightmove.co.uk/properties/117096335#/?channel=RES_BUY,http://www.rightmove.co.uk/estate-agents/agent/Robinsons/Durham-42734.html,,2.0,2022-02-19 23:43:34.882786
303,74950.0,3 bedroom apartment for sale,"Commercial Street, Brandon, Durham, DH7",http://www.rightmove.co.uk/properties/114746639#/?channel=RES_BUY,http://www.rightmove.co.uk/estate-agents/agent/Ben-Charles/Durham-83492.html,DH7,3.0,2022-02-19 23:43:34.882786
304,70000.0,1 bedroom flat for sale,"Bamburgh Road, Durham, Durham, DH1",http://www.rightmove.co.uk/properties/116391116#/?channel=RES_BUY,http://www.rightmove.co.uk/estate-agents/agent/Bridgfords/Durham-335.html,DH1,1.0,2022-02-19 23:43:34.882786
305,69950.0,2 bedroom apartment for sale,"Meadow Rise, Meadowfield, Durham",http://www.rightmove.co.uk/properties/118898441#/?channel=RES_BUY,http://www.rightmove.co.uk/estate-agents/agent/Robinsons/Durham-42734.html,,2.0,2022-02-19 23:43:34.882786
306,69950.0,3 bedroom semi-detached house for sale,"Margaret Court, Bowburn, Durham",http://www.rightmove.co.uk/properties/119683028#/?channel=RES_BUY,http://www.rightmove.co.uk/estate-agents/agent/Robinsons/Durham-42734.html,,3.0,2022-02-19 23:43:34.882786
307,69950.0,2 bedroom end of terrace house for sale,"Bannerman Terrace, Ushaw Moor",http://www.rightmove.co.uk/properties/119481041#/?channel=RES_BUY,http://www.rightmove.co.uk/estate-agents/agent/Rise-Sales-and-Lettings/Durham-63445.html,,2.0,2022-02-19 23:43:34.882786
308,65000.0,2 bedroom terraced house for sale,"John Street South, Meadowfield, Durham, DH7",http://www.rightmove.co.uk/properties/118181576#/?channel=RES_BUY,http://www.rightmove.co.uk/estate-agents/agent/J-W-Wood/Durham-City-36036.html,DH7,2.0,2022-02-19 23:43:34.882786
309,65000.0,2 bedroom terraced house for sale,"North View, Sherburn Hill, Durham",http://www.rightmove.co.uk/properties/118542470#/?channel=RES_BUY,http://www.rightmove.co.uk/estate-agents/agent/elopa/Sunderland-161747.html,,2.0,2022-02-19 23:43:34.882786
310,63000.0,1 bedroom apartment for sale,"Bamburgh Road, Durham, DH1",http://www.rightmove.co.uk/properties/75307341#/?channel=RES_BUY,http://www.rightmove.co.uk/estate-agents/agent/Ben-Charles/Durham-83492.html,DH1,1.0,2022-02-19 23:43:34.882786
311,62000.0,2 bedroom terraced house for sale,"Edward Terrace, New Brancepeth, Durham, DH7",http://www.rightmove.co.uk/properties/119574587#/?channel=RES_BUY,http://www.rightmove.co.uk/estate-agents/agent/J-W-Wood/Durham-City-36036.html,DH7,2.0,2022-02-19 23:43:34.882786
312,55000.0,2 bedroom terraced house for sale,"Elliot Street, Sacriston",http://www.rightmove.co.uk/properties/116616374#/?channel=RES_BUY,http://www.rightmove.co.uk/estate-agents/agent/Stuart-Edwards/Durham-41828.html,,2.0,2022-02-19 23:43:34.882786
313,50000.0,Plot for sale,"Colliery Road, Bearpark, Durham, DH7",http://www.rightmove.co.uk/properties/94539392#/?channel=COM_BUY,http://www.rightmove.co.uk/estate-agents/agent/J-W-Wood/Durham-City-36036.html,DH7,,2022-02-19 23:43:34.882786
314,50000.0,2 bedroom flat for sale,"Forest View, Brandon, Durham, ., DH78XB",http://www.rightmove.co.uk/properties/109232219#/?channel=RES_BUY,http://www.rightmove.co.uk/estate-agents/agent/Pattinson-Estate-Agents/Gilesgate-74630.html,,2.0,2022-02-19 23:43:34.882786
315,40000.0,1 bedroom flat for sale,"Durham, DH1",http://www.rightmove.co.uk/properties/119943191#/?channel=RES_BUY,http://www.rightmove.co.uk/estate-agents/agent/YOUR-MOVE-Chris-Stonock/Durham-83353.html,DH1,1.0,2022-02-19 23:43:34.882786
316,400000.0,4 bedroom end of terrace house for sale,"Jubilee Place, High Street North, Shincliffe Village, DH1",http://www.rightmove.co.uk/properties/119924900#/?channel=RES_BUY,http://www.rightmove.co.uk/estate-agents/agent/J-W-Wood/Durham-City-36036.html,DH1,4.0,2022-02-19 23:43:34.882786
